job,box_nm,ml_region,seed,status,atoms,ml_atoms,nve_drift_kj_mol_ps,nve_drift_per_atom,nve_residual_std_kj_mol,nve_temperature_k,npt_density_kg_m3,ring_bond_nm,uncertainty_warnings,nve_ms_per_step
box5_peptide_s1,5.0,peptide,1,done,12162,87,-1.134313278543302,-9.326700201803175e-05,0.5936355351243142,299.15238738580706,992.2425682985075,0.1366199107011857,93,17.485
box5_shell_s1,5.0,shell,1,done,12162,411,-0.9023166254825735,-7.419146731479802e-05,1.2489204777407816,298.79357670914544,1003.2867316019901,0.1396352391053202,844,23.527
box4_peptide_s1,4.0,peptide,1,done,6486,87,-0.4923374959481761,-7.590772370462167e-05,0.4756261173140744,301.3423476256871,984.2496592985075,0.1349110818279953,24,14.607
box6_peptide_s1,6.0,peptide,1,done,21084,87,-1.8073112747468654,-8.57195634010086e-05,0.6985094135661541,299.54659236231885,981.3298470547263,0.13612861565446116,9,21.68
box4_shell_s1,4.0,shell,1,done,6486,462,0.23171315660007608,3.572512436017208e-05,1.8398530999974565,302.0233526591704,1034.859397487562,0.13907192383799102,418,21.452
box6_shell_s1,6.0,shell,1,done,21084,450,-1.4378879038679202,-6.819806032384368e-05,1.9608158333819672,299.760449876062,999.0896934577115,0.13953135848260054,102,29.372
box5_peptide_s2,5.0,peptide,2,done,12162,87,-0.9298839279173728,-7.645814240399382e-05,0.5393233665151222,298.7684986276862,980.3741992238807,0.13429817571359629,4,17.702
box5_shell_s2,5.0,shell,2,done,12162,456,-0.8496712994708271,-6.98627939048534e-05,1.281902100695886,303.9267163573213,1007.1000952288557,0.13516656391282558,592,24.867
box4_peptide_s2,4.0,peptide,2,done,6486,87,-0.4214503253678268,-6.497846521243089e-05,0.38813500085842567,298.53278087406295,990.8257334228855,0.13453995689013734,14,14.46
box6_peptide_s2,6.0,peptide,2,done,21084,87,-1.6438397434798098,-7.79662181502471e-05,0.6228102226994342,298.14305860119936,983.0837226169153,0.13418643746668252,17,21.804
box4_shell_s2,4.0,shell,2,done,6486,465,-0.3710412525911588,-5.72064835940732e-05,1.6581402751609926,300.490753924038,1036.8257455771143,0.13757179943578574,874,22.113
box6_shell_s2,6.0,shell,2,done,21084,444,-1.4177619138488045,-6.724349809565568e-05,2.568692293787218,298.7566405612194,1000.8084984079602,0.13767352686700512,15,28.961
box5_peptide_s3,5.0,peptide,3,done,12162,87,-0.8707021216236516,-7.159201789373882e-05,0.5244406903639528,299.04954169915044,989.6248417910447,0.13993212640419633,33,17.094
box5_shell_s3,5.0,shell,3,done,12162,432,-0.8943736080128109,-7.353836605926747e-05,1.4197034964637336,300.43560881259367,1006.8226770646766,0.13509626197641467,343,23.9
box4_peptide_s3,4.0,peptide,3,done,6486,87,-0.41398722929801207,-6.382781826981376e-05,0.4884851587357136,301.80079385657166,990.2430185970148,0.13243866504914628,2,14.6
box6_peptide_s3,6.0,peptide,3,done,21084,87,-1.6034115294191675,-7.604873503221246e-05,0.5218307050880838,299.9123265607197,984.6945227164177,0.13863260799682026,2,22.162
box4_shell_s3,4.0,shell,3,done,6486,453,0.40841428063086477,6.29685909082431e-05,2.5928325707590183,304.4988907236382,1040.0724496567163,0.13560604706280605,307,21.639
box6_shell_s3,6.0,shell,3,done,21084,444,-1.5848196780619044,-7.516693597334018e-05,1.7068583406662166,303.18430427436283,996.4988445771145,0.13773162309360895,869,29.219
