variant,dataset,repeat,num_workers,batch_size,device,epochs,seed,host,gpu,torch,n_train,n_val,best_val_metric,best_model_metric,best_epoch,epoch1_train_loss,epoch1_val_loss,wall_s,peak_gb,added_gb,baseline_gb,atoms_per_s,structures_per_s,loader_ms,step_ms,unpack_ms,h2d_ms,serialize_ms,group_and_join_ms,transforms_ms,started,finished
baseline,qm9,0,0,8,cuda,6,0,cosmopc27,NVIDIA GeForce RTX 4070 Ti SUPER,2.13.0+cu126,80,20,0.001305,mae_prod,1,10.647142,1.005013,4.6,,,,1770.0,188.5,13.02,29.41,1.08,2.1,1.88,1.5,7.65,2026-09-22T08:11:37+00:00,2026-09-22T08:11:44+00:00
baseline,qm9,0,0,8,cuda,6,1,cosmopc27,NVIDIA GeForce RTX 4070 Ti SUPER,2.13.0+cu126,80,20,0.001098,mae_prod,1,10.160026,0.9752,4.4,,,,1879.8,200.2,12.69,27.26,1.09,2.08,1.88,1.51,7.39,2026-09-22T08:09:00+00:00,2026-09-22T08:09:07+00:00
baseline,qm9,0,0,8,cuda,6,2,cosmopc27,NVIDIA GeForce RTX 4070 Ti SUPER,2.13.0+cu126,80,20,0.001091,mae_prod,1,13.291032,1.254001,4.5,,,,1842.9,196.3,13.03,27.72,1.08,2.1,1.89,1.5,7.65,2026-09-22T08:09:48+00:00,2026-09-22T08:09:55+00:00
baseline,carbon,0,0,8,cuda,6,0,cosmopc27,NVIDIA GeForce RTX 4070 Ti SUPER,2.13.0+cu126,80,20,0.14163,mae_prod,2,106.16578,28.053252,4.4,,,,813.9,203.5,11.45,27.87,1.27,2.01,2.01,1.49,6.31,2026-09-22T08:07:58+00:00,2026-09-22T08:08:05+00:00
baseline,carbon,0,0,8,cuda,6,1,cosmopc27,NVIDIA GeForce RTX 4070 Ti SUPER,2.13.0+cu126,80,20,0.13023,mae_prod,3,170.796992,37.001146,4.6,,,,763.4,190.8,11.54,30.39,1.24,2.02,2.03,1.51,6.34,2026-09-22T08:10:47+00:00,2026-09-22T08:10:54+00:00
baseline,carbon,0,0,8,cuda,6,2,cosmopc27,NVIDIA GeForce RTX 4070 Ti SUPER,2.13.0+cu126,80,20,0.14346,mae_prod,2,31.21262,3.089779,4.5,,,,779.1,194.8,11.49,29.59,1.26,2.01,2.04,1.51,6.29,2026-09-22T08:10:02+00:00,2026-09-22T08:10:09+00:00
baseline,si216,0,0,8,cuda,6,0,cosmopc27,NVIDIA GeForce RTX 4070 Ti SUPER,2.13.0+cu126,51,13,0.000364,mae_prod,1,15.325207,3.228821,6.0,,,,16614.5,76.9,26.17,77.83,7.77,2.2,9.22,2.15,11.41,2026-09-22T08:09:08+00:00,2026-09-22T08:09:17+00:00
baseline,si216,0,0,8,cuda,6,1,cosmopc27,NVIDIA GeForce RTX 4070 Ti SUPER,2.13.0+cu126,51,13,0.000368,mae_prod,3,19.524655,3.432071,6.0,,,,16715.5,77.4,26.42,76.96,7.83,2.2,9.4,2.12,11.46,2026-09-22T08:08:06+00:00,2026-09-22T08:08:15+00:00
baseline,si216,0,0,8,cuda,6,2,cosmopc27,NVIDIA GeForce RTX 4070 Ti SUPER,2.13.0+cu126,51,13,0.000367,mae_prod,2,10.168949,2.667389,6.0,,,,16600.8,76.9,26.47,77.62,7.84,2.21,9.39,2.13,11.5,2026-09-22T08:09:18+00:00,2026-09-22T08:09:26+00:00
baseline,si_large,0,0,8,cuda,6,0,cosmopc27,NVIDIA GeForce RTX 4070 Ti SUPER,2.13.0+cu126,102,26,9.2e-05,mae_prod,5,30.215883,7.449926,31.6,,,,21697.0,21.7,73.13,295.58,32.95,2.75,36.1,1.38,28.04,2026-09-22T08:08:24+00:00,2026-09-22T08:08:59+00:00
baseline,si_large,0,0,8,cuda,6,1,cosmopc27,NVIDIA GeForce RTX 4070 Ti SUPER,2.13.0+cu126,102,26,9.2e-05,mae_prod,5,30.349119,7.620745,31.7,,,,21661.9,21.7,74.77,294.54,33.21,2.73,36.4,1.37,29.04,2026-09-22T08:10:11+00:00,2026-09-22T08:10:45+00:00
baseline,si_large,0,0,8,cuda,6,2,cosmopc27,NVIDIA GeForce RTX 4070 Ti SUPER,2.13.0+cu126,102,26,9.2e-05,mae_prod,5,15.537846,7.109094,31.8,,,,21623.6,21.6,73.37,296.6,33.2,2.75,36.39,1.38,27.98,2026-09-22T08:11:01+00:00,2026-09-22T08:11:36+00:00
persistent,qm9,0,0,8,cuda,6,0,cosmopc27,NVIDIA GeForce RTX 4070 Ti SUPER,2.13.0+cu126,80,20,0.0012,mae_prod,1,9.691435,2.348874,4.6,1.75,1.12,0.63,1781.7,189.8,11.82,30.33,1.09,2.11,1.99,1.51,6.7,2026-09-22T08:04:57+00:00,2026-09-22T08:05:04+00:00
persistent,qm9,0,0,8,cuda,6,1,cosmopc27,NVIDIA GeForce RTX 4070 Ti SUPER,2.13.0+cu126,80,20,0.001495,mae_prod,2,10.045946,1.718918,4.8,1.75,1.12,0.63,1690.1,180.0,11.86,32.58,1.1,2.11,2.01,1.51,6.8,2026-09-22T08:04:12+00:00,2026-09-22T08:04:19+00:00
persistent,qm9,0,0,8,cuda,6,2,cosmopc27,NVIDIA GeForce RTX 4070 Ti SUPER,2.13.0+cu126,80,20,0.001431,mae_prod,2,11.72717,1.014143,5.0,1.77,1.14,0.63,1615.9,172.1,11.59,34.89,1.11,2.09,1.92,1.5,6.53,2026-09-22T08:07:13+00:00,2026-09-22T08:07:21+00:00
persistent,carbon,0,0,8,cuda,6,0,cosmopc27,NVIDIA GeForce RTX 4070 Ti SUPER,2.13.0+cu126,80,20,0.133207,mae_prod,2,124.630446,25.216593,4.6,1.76,1.13,0.63,741.8,185.4,11.85,31.29,1.27,2.01,2.11,1.5,6.54,2026-09-22T08:05:55+00:00,2026-09-22T08:06:02+00:00
persistent,carbon,0,0,8,cuda,6,1,cosmopc27,NVIDIA GeForce RTX 4070 Ti SUPER,2.13.0+cu126,80,20,0.165395,mae_prod,4,157.832732,36.078711,4.8,1.77,1.14,0.63,740.1,185.0,11.86,31.38,1.29,2.03,2.06,1.52,6.62,2026-09-22T08:07:04+00:00,2026-09-22T08:07:12+00:00
persistent,carbon,0,0,8,cuda,6,2,cosmopc27,NVIDIA GeForce RTX 4070 Ti SUPER,2.13.0+cu126,80,20,0.130483,mae_prod,1,33.143173,3.174952,4.6,1.76,1.13,0.63,769.6,192.4,11.96,29.63,1.28,2.01,2.07,1.51,6.68,2026-09-22T08:06:04+00:00,2026-09-22T08:06:11+00:00
persistent,si216,0,0,8,cuda,6,0,cosmopc27,NVIDIA GeForce RTX 4070 Ti SUPER,2.13.0+cu126,51,13,0.000364,mae_prod,1,11.666912,5.80816,6.1,1.74,1.11,0.63,16110.3,74.6,27.16,80.1,7.87,2.19,9.9,2.12,11.79,2026-09-22T08:06:49+00:00,2026-09-22T08:06:58+00:00
persistent,si216,0,0,8,cuda,6,1,cosmopc27,NVIDIA GeForce RTX 4070 Ti SUPER,2.13.0+cu126,51,13,0.000363,mae_prod,1,20.820797,3.4337,6.1,1.75,1.12,0.63,16019.7,74.2,28.11,79.75,7.86,2.18,10.37,2.13,11.77,2026-09-22T08:06:22+00:00,2026-09-22T08:06:31+00:00
persistent,si216,0,0,8,cuda,6,2,cosmopc27,NVIDIA GeForce RTX 4070 Ti SUPER,2.13.0+cu126,51,13,0.000367,mae_prod,0,9.618084,2.667258,6.1,1.75,1.12,0.63,16012.2,74.1,28.01,79.91,7.81,2.21,10.13,2.15,12.18,2026-09-22T08:04:02+00:00,2026-09-22T08:04:11+00:00
persistent,si_large,0,0,8,cuda,6,0,cosmopc27,NVIDIA GeForce RTX 4070 Ti SUPER,2.13.0+cu126,102,26,9.2e-05,mae_prod,5,22.93566,6.984007,32.0,1.82,1.17,0.64,21583.5,21.6,74.75,295.9,33.12,2.73,37.03,1.38,28.46,2026-09-22T08:04:20+00:00,2026-09-22T08:04:56+00:00
persistent,si_large,0,0,8,cuda,6,1,cosmopc27,NVIDIA GeForce RTX 4070 Ti SUPER,2.13.0+cu126,102,26,9.2e-05,mae_prod,5,30.293348,7.619513,32.0,1.82,1.18,0.64,21559.2,21.6,74.99,296.08,33.06,2.74,37.22,1.37,28.51,2026-09-22T08:05:05+00:00,2026-09-22T08:05:41+00:00
persistent,si_large,0,0,8,cuda,6,2,cosmopc27,NVIDIA GeForce RTX 4070 Ti SUPER,2.13.0+cu126,102,26,9.2e-05,mae_prod,4,18.390524,8.764927,31.8,1.82,1.17,0.64,21671.1,21.7,74.92,294.23,32.96,2.71,37.27,1.36,28.53,2026-09-22T08:07:22+00:00,2026-09-22T08:07:57+00:00
timed,qm9,0,0,8,cuda,6,0,cosmopc27,NVIDIA GeForce RTX 4070 Ti SUPER,2.13.0+cu126,80,20,0.0012,mae_prod,1,9.691435,2.348874,4.7,1.75,1.12,0.63,1752.9,186.7,11.81,31.03,1.12,2.1,1.97,1.51,6.73,2026-09-22T08:02:05+00:00,2026-09-22T08:02:13+00:00
timed,qm9,0,0,8,cuda,6,1,cosmopc27,NVIDIA GeForce RTX 4070 Ti SUPER,2.13.0+cu126,80,20,0.001495,mae_prod,2,10.045946,1.718918,4.8,1.75,1.12,0.63,1715.9,182.8,12.1,31.67,1.12,2.11,2.01,1.75,6.69,2026-09-22T08:03:36+00:00,2026-09-22T08:03:43+00:00
timed,qm9,0,0,8,cuda,6,2,cosmopc27,NVIDIA GeForce RTX 4070 Ti SUPER,2.13.0+cu126,80,20,0.001431,mae_prod,2,11.72717,1.014143,4.6,1.75,1.12,0.63,1776.4,189.2,11.98,30.3,1.09,2.09,1.95,1.5,6.84,2026-09-22T08:02:23+00:00,2026-09-22T08:02:31+00:00
timed,carbon,0,0,8,cuda,6,0,cosmopc27,NVIDIA GeForce RTX 4070 Ti SUPER,2.13.0+cu126,80,20,0.133207,mae_prod,2,124.630446,25.216593,4.9,1.78,1.15,0.63,703.7,175.9,12.2,33.28,1.28,2.03,2.06,1.51,6.86,2026-09-22T08:00:47+00:00,2026-09-22T08:00:55+00:00
timed,carbon,0,0,8,cuda,6,1,cosmopc27,NVIDIA GeForce RTX 4070 Ti SUPER,2.13.0+cu126,80,20,0.165395,mae_prod,4,157.832732,36.078711,4.7,1.76,1.13,0.63,786.7,196.7,12.13,28.54,1.26,2.01,2.04,1.71,6.66,2026-09-22T08:03:18+00:00,2026-09-22T08:03:26+00:00
timed,carbon,0,0,8,cuda,6,2,cosmopc27,NVIDIA GeForce RTX 4070 Ti SUPER,2.13.0+cu126,80,20,0.130483,mae_prod,1,33.143173,3.174952,4.8,1.76,1.13,0.63,724.9,181.2,12.17,31.98,1.25,2.0,2.12,1.48,6.8,2026-09-22T08:03:27+00:00,2026-09-22T08:03:35+00:00
timed,si216,0,0,8,cuda,6,0,cosmopc27,NVIDIA GeForce RTX 4070 Ti SUPER,2.13.0+cu126,51,13,0.000364,mae_prod,1,11.666911,5.808158,6.1,1.75,1.12,0.63,16020.8,74.2,28.31,79.55,7.93,2.21,10.41,2.12,11.89,2026-09-22T08:01:02+00:00,2026-09-22T08:01:11+00:00
timed,si216,0,0,8,cuda,6,1,cosmopc27,NVIDIA GeForce RTX 4070 Ti SUPER,2.13.0+cu126,51,13,0.000363,mae_prod,1,20.820798,3.433699,6.2,1.75,1.11,0.63,16007.0,74.1,27.92,80.03,7.91,2.19,9.82,2.12,12.31,2026-09-22T08:01:55+00:00,2026-09-22T08:02:04+00:00
timed,si216,0,0,8,cuda,6,2,cosmopc27,NVIDIA GeForce RTX 4070 Ti SUPER,2.13.0+cu126,51,13,0.000367,mae_prod,0,9.618084,2.667258,6.1,1.75,1.12,0.63,16192.4,75.0,27.55,79.17,7.82,2.17,9.8,2.11,12.0,2026-09-22T08:03:51+00:00,2026-09-22T08:04:00+00:00
timed,si_large,0,0,8,cuda,6,0,cosmopc27,NVIDIA GeForce RTX 4070 Ti SUPER,2.13.0+cu126,102,26,9.2e-05,mae_prod,5,22.935661,6.984008,31.8,1.82,1.18,0.64,21604.1,21.6,74.67,295.63,33.25,2.71,36.6,1.37,28.86,2026-09-22T08:01:12+00:00,2026-09-22T08:01:47+00:00
timed,si_large,0,0,8,cuda,6,1,cosmopc27,NVIDIA GeForce RTX 4070 Ti SUPER,2.13.0+cu126,102,26,9.2e-05,mae_prod,5,30.293346,7.619515,31.9,1.82,1.17,0.64,21530.1,21.5,75.49,296.09,33.38,2.72,37.44,1.38,28.72,2026-09-22T08:00:11+00:00,2026-09-22T08:00:46+00:00
timed,si_large,0,0,8,cuda,6,2,cosmopc27,NVIDIA GeForce RTX 4070 Ti SUPER,2.13.0+cu126,102,26,9.2e-05,mae_prod,4,18.390526,8.76493,31.9,1.82,1.18,0.64,21623.1,21.6,75.06,294.92,33.32,2.72,37.16,1.38,28.6,2026-09-22T08:02:32+00:00,2026-09-22T08:03:07+00:00
pinned,qm9,0,0,8,cuda,6,0,cosmopc27,NVIDIA GeForce RTX 4070 Ti SUPER,2.13.0+cu126,80,20,0.0012,mae_prod,1,9.691435,2.348874,4.7,1.75,1.12,0.63,1738.0,185.1,11.85,31.36,1.09,2.08,1.95,1.49,6.74,2026-09-22T07:59:41+00:00,2026-09-22T07:59:49+00:00
pinned,qm9,0,0,8,cuda,6,1,cosmopc27,NVIDIA GeForce RTX 4070 Ti SUPER,2.13.0+cu126,80,20,0.001495,mae_prod,2,10.045946,1.718918,4.9,1.75,1.12,0.63,1642.8,175.0,11.91,33.8,1.1,2.1,1.95,1.5,6.79,2026-09-22T07:59:27+00:00,2026-09-22T07:59:34+00:00
pinned,qm9,0,0,8,cuda,6,2,cosmopc27,NVIDIA GeForce RTX 4070 Ti SUPER,2.13.0+cu126,80,20,0.001431,mae_prod,2,11.72717,1.014143,4.9,1.75,1.12,0.63,1674.0,178.3,11.91,32.95,1.1,2.08,2.01,1.52,6.73,2026-09-22T07:57:33+00:00,2026-09-22T07:57:41+00:00
pinned,carbon,0,0,8,cuda,6,0,cosmopc27,NVIDIA GeForce RTX 4070 Ti SUPER,2.13.0+cu126,80,20,0.133207,mae_prod,2,124.630446,25.216593,5.0,1.76,1.13,0.63,694.3,173.6,12.19,33.9,1.28,2.03,2.05,1.51,6.82,2026-09-22T07:59:50+00:00,2026-09-22T07:59:58+00:00
pinned,carbon,0,0,8,cuda,6,1,cosmopc27,NVIDIA GeForce RTX 4070 Ti SUPER,2.13.0+cu126,80,20,0.165395,mae_prod,4,157.832732,36.078711,5.0,1.76,1.13,0.63,687.4,171.8,12.04,34.51,1.29,2.04,2.06,1.52,6.72,2026-09-22T07:55:58+00:00,2026-09-22T07:56:05+00:00
pinned,carbon,0,0,8,cuda,6,2,cosmopc27,NVIDIA GeForce RTX 4070 Ti SUPER,2.13.0+cu126,80,20,0.130483,mae_prod,1,33.143173,3.174952,5.0,1.76,1.13,0.63,683.8,171.0,12.97,33.82,1.29,2.04,2.09,1.99,6.96,2026-09-22T07:56:19+00:00,2026-09-22T07:56:27+00:00
pinned,si216,0,0,8,cuda,6,0,cosmopc27,NVIDIA GeForce RTX 4070 Ti SUPER,2.13.0+cu126,51,13,0.000364,mae_prod,1,11.666912,5.80816,6.3,1.75,1.12,0.63,15264.3,70.7,31.62,81.59,9.29,2.25,12.8,2.13,12.09,2026-09-22T07:56:35+00:00,2026-09-22T07:56:44+00:00
pinned,si216,0,0,8,cuda,6,1,cosmopc27,NVIDIA GeForce RTX 4070 Ti SUPER,2.13.0+cu126,51,13,0.000363,mae_prod,1,20.820797,3.433699,6.3,1.74,1.11,0.63,15310.9,70.9,31.81,81.05,8.9,2.24,12.64,2.11,11.78,2026-09-22T07:58:39+00:00,2026-09-22T07:58:48+00:00
pinned,si216,0,0,8,cuda,6,2,cosmopc27,NVIDIA GeForce RTX 4070 Ti SUPER,2.13.0+cu126,51,13,0.000367,mae_prod,0,9.618084,2.667258,6.3,1.74,1.11,0.63,15213.5,70.4,31.22,82.36,9.64,2.21,11.65,2.14,12.51,2026-09-22T07:58:29+00:00,2026-09-22T07:58:38+00:00
pinned,si_large,0,0,8,cuda,6,0,cosmopc27,NVIDIA GeForce RTX 4070 Ti SUPER,2.13.0+cu126,102,26,9.2e-05,mae_prod,5,22.935662,6.984008,33.0,1.84,1.2,0.64,20726.1,20.7,86.62,299.37,37.28,2.71,44.0,1.37,28.64,2026-09-22T07:58:49+00:00,2026-09-22T07:59:26+00:00
pinned,si_large,0,0,8,cuda,6,1,cosmopc27,NVIDIA GeForce RTX 4070 Ti SUPER,2.13.0+cu126,102,26,9.2e-05,mae_prod,5,30.293346,7.619513,33.0,1.82,1.18,0.64,20759.2,20.8,86.18,299.19,36.82,2.72,43.61,1.37,28.66,2026-09-22T07:57:42+00:00,2026-09-22T07:58:18+00:00
pinned,si_large,0,0,8,cuda,6,2,cosmopc27,NVIDIA GeForce RTX 4070 Ti SUPER,2.13.0+cu126,102,26,9.2e-05,mae_prod,4,18.390526,8.76493,33.0,1.82,1.17,0.64,20676.4,20.7,87.21,299.7,37.63,2.77,44.29,1.39,29.03,2026-09-22T07:56:45+00:00,2026-09-22T07:57:21+00:00
transport,qm9,0,0,8,cuda,6,0,cosmopc27,NVIDIA GeForce RTX 4070 Ti SUPER,2.13.0+cu126,80,20,0.0012,mae_prod,1,9.691435,2.348874,4.8,1.75,1.12,0.63,1683.5,179.3,10.29,34.32,1.2,2.09,0.41,1.51,6.81,2026-09-22T08:12:16+00:00,2026-09-22T08:12:24+00:00
transport,qm9,0,0,8,cuda,6,1,cosmopc27,NVIDIA GeForce RTX 4070 Ti SUPER,2.13.0+cu126,80,20,0.001495,mae_prod,2,10.045946,1.718918,4.6,1.75,1.12,0.63,1792.6,191.0,9.94,31.96,1.18,2.03,0.43,1.5,6.51,2026-09-22T08:14:35+00:00,2026-09-22T08:14:42+00:00
transport,qm9,0,0,8,cuda,6,2,cosmopc27,NVIDIA GeForce RTX 4070 Ti SUPER,2.13.0+cu126,80,20,0.001431,mae_prod,2,11.72717,1.014143,4.5,1.75,1.12,0.63,1882.5,200.5,10.14,29.76,1.2,2.05,0.41,1.5,6.61,2026-09-22T08:13:02+00:00,2026-09-22T08:13:10+00:00
transport,carbon,0,0,8,cuda,6,0,cosmopc27,NVIDIA GeForce RTX 4070 Ti SUPER,2.13.0+cu126,80,20,0.133207,mae_prod,2,124.630446,25.216593,4.7,1.76,1.13,0.63,758.8,189.7,10.63,31.55,1.22,1.99,0.41,1.88,6.61,2026-09-22T08:14:19+00:00,2026-09-22T08:14:27+00:00
transport,carbon,0,0,8,cuda,6,1,cosmopc27,NVIDIA GeForce RTX 4070 Ti SUPER,2.13.0+cu126,80,20,0.165395,mae_prod,4,157.832732,36.078711,4.5,1.77,1.14,0.63,823.3,205.8,10.7,28.17,1.24,1.98,0.42,1.84,6.69,2026-09-22T08:13:41+00:00,2026-09-22T08:13:49+00:00
transport,carbon,0,0,8,cuda,6,2,cosmopc27,NVIDIA GeForce RTX 4070 Ti SUPER,2.13.0+cu126,80,20,0.130483,mae_prod,1,33.143173,3.174952,4.5,1.76,1.13,0.63,814.6,203.7,10.1,29.19,1.23,2.01,0.41,1.56,6.54,2026-09-22T08:14:05+00:00,2026-09-22T08:14:12+00:00
transport,si216,0,0,8,cuda,6,0,cosmopc27,NVIDIA GeForce RTX 4070 Ti SUPER,2.13.0+cu126,51,13,0.000364,mae_prod,1,11.666913,5.808161,5.5,1.74,1.11,0.63,18458.4,85.5,18.48,75.13,2.23,2.16,1.15,2.13,12.07,2026-09-22T08:15:23+00:00,2026-09-22T08:15:32+00:00
transport,si216,0,0,8,cuda,6,1,cosmopc27,NVIDIA GeForce RTX 4070 Ti SUPER,2.13.0+cu126,51,13,0.000363,mae_prod,1,20.820798,3.433699,5.6,1.77,1.14,0.63,18568.0,86.0,17.67,75.4,2.23,2.16,0.59,2.18,11.84,2026-09-22T08:11:57+00:00,2026-09-22T08:12:06+00:00
transport,si216,0,0,8,cuda,6,2,cosmopc27,NVIDIA GeForce RTX 4070 Ti SUPER,2.13.0+cu126,51,13,0.000367,mae_prod,0,9.618083,2.667258,5.4,1.76,1.13,0.63,18599.8,86.1,17.57,75.34,2.19,2.16,0.58,2.1,11.88,2026-09-22T08:12:07+00:00,2026-09-22T08:12:15+00:00
transport,si_large,0,0,8,cuda,6,0,cosmopc27,NVIDIA GeForce RTX 4070 Ti SUPER,2.13.0+cu126,102,26,9.2e-05,mae_prod,5,22.935663,6.984008,25.9,1.79,1.14,0.64,26093.1,26.1,38.84,267.75,6.28,2.66,1.73,1.35,29.55,2026-09-22T08:12:25+00:00,2026-09-22T08:12:54+00:00
transport,si_large,0,0,8,cuda,6,1,cosmopc27,NVIDIA GeForce RTX 4070 Ti SUPER,2.13.0+cu126,102,26,9.2e-05,mae_prod,5,30.29335,7.619515,26.1,1.79,1.15,0.64,26041.8,26.0,38.63,268.57,6.31,2.7,2.21,1.38,29.01,2026-09-22T08:14:53+00:00,2026-09-22T08:15:22+00:00
transport,si_large,0,0,8,cuda,6,2,cosmopc27,NVIDIA GeForce RTX 4070 Ti SUPER,2.13.0+cu126,102,26,9.2e-05,mae_prod,4,18.390527,8.764928,26.0,1.79,1.15,0.64,26116.1,26.1,38.58,267.75,6.39,2.71,1.92,1.38,29.1,2026-09-22T08:13:11+00:00,2026-09-22T08:13:40+00:00
everything,qm9,0,0,8,cuda,6,0,cosmopc27,NVIDIA GeForce RTX 4070 Ti SUPER,2.13.0+cu126,80,20,0.0012,mae_prod,1,9.691435,2.348874,4.7,1.75,1.12,0.63,1703.1,181.4,10.57,33.52,1.2,2.06,0.45,1.51,6.92,2026-09-22T08:19:22+00:00,2026-09-22T08:19:30+00:00
everything,qm9,0,0,8,cuda,6,1,cosmopc27,NVIDIA GeForce RTX 4070 Ti SUPER,2.13.0+cu126,80,20,0.001495,mae_prod,2,10.045946,1.718918,4.7,1.75,1.12,0.63,1764.6,188.0,10.76,31.8,1.18,2.07,0.42,1.82,6.78,2026-09-22T08:18:20+00:00,2026-09-22T08:18:27+00:00
everything,qm9,0,0,8,cuda,6,2,cosmopc27,NVIDIA GeForce RTX 4070 Ti SUPER,2.13.0+cu126,80,20,0.001431,mae_prod,2,11.72717,1.014143,4.7,1.75,1.12,0.63,1751.1,186.5,10.27,32.62,1.18,2.07,0.47,1.51,6.7,2026-09-22T08:18:35+00:00,2026-09-22T08:18:43+00:00
everything,carbon,0,0,8,cuda,6,0,cosmopc27,NVIDIA GeForce RTX 4070 Ti SUPER,2.13.0+cu126,80,20,0.133207,mae_prod,2,124.630446,25.216593,4.7,1.76,1.13,0.63,760.7,190.2,10.49,31.58,1.22,2.01,0.48,1.53,6.78,2026-09-22T08:16:57+00:00,2026-09-22T08:17:04+00:00
everything,carbon,0,0,8,cuda,6,1,cosmopc27,NVIDIA GeForce RTX 4070 Ti SUPER,2.13.0+cu126,80,20,0.165395,mae_prod,4,157.832732,36.078711,4.7,1.76,1.13,0.63,772.9,193.2,10.37,31.03,1.23,1.98,0.41,1.5,6.78,2026-09-22T08:17:42+00:00,2026-09-22T08:17:50+00:00
everything,carbon,0,0,8,cuda,6,2,cosmopc27,NVIDIA GeForce RTX 4070 Ti SUPER,2.13.0+cu126,80,20,0.130483,mae_prod,1,33.143173,3.174952,4.7,1.76,1.13,0.63,739.8,185.0,10.93,32.32,1.25,2.0,0.41,1.77,6.91,2026-09-22T08:20:22+00:00,2026-09-22T08:20:29+00:00
everything,si216,0,0,8,cuda,6,0,cosmopc27,NVIDIA GeForce RTX 4070 Ti SUPER,2.13.0+cu126,51,13,0.000364,mae_prod,1,11.666913,5.80816,5.5,1.76,1.13,0.63,18485.2,85.6,18.33,75.15,2.23,2.15,0.79,2.15,12.05,2026-09-22T08:17:51+00:00,2026-09-22T08:17:59+00:00
everything,si216,0,0,8,cuda,6,1,cosmopc27,NVIDIA GeForce RTX 4070 Ti SUPER,2.13.0+cu126,51,13,0.000363,mae_prod,1,20.820797,3.433699,5.4,1.75,1.11,0.63,18757.4,86.8,18.1,74.03,2.19,2.12,0.69,2.11,11.93,2026-09-22T08:19:31+00:00,2026-09-22T08:19:39+00:00
everything,si216,0,0,8,cuda,6,2,cosmopc27,NVIDIA GeForce RTX 4070 Ti SUPER,2.13.0+cu126,51,13,0.000367,mae_prod,0,9.618084,2.667258,5.4,1.74,1.11,0.63,18772.6,86.9,17.74,74.3,2.21,2.14,0.6,2.12,11.87,2026-09-22T08:18:10+00:00,2026-09-22T08:18:18+00:00
everything,si_large,0,0,8,cuda,6,0,cosmopc27,NVIDIA GeForce RTX 4070 Ti SUPER,2.13.0+cu126,102,26,9.2e-05,mae_prod,5,22.935662,6.984008,26.5,1.8,1.15,0.64,25397.8,25.4,46.71,268.28,6.41,2.48,3.54,1.36,32.35,2026-09-22T08:18:44+00:00,2026-09-22T08:19:14+00:00
everything,si_large,0,0,8,cuda,6,1,cosmopc27,NVIDIA GeForce RTX 4070 Ti SUPER,2.13.0+cu126,102,26,9.2e-05,mae_prod,5,30.293349,7.619514,26.7,1.8,1.15,0.64,25188.5,25.2,47.56,270.04,8.32,2.46,3.12,1.36,33.26,2026-09-22T08:19:40+00:00,2026-09-22T08:20:10+00:00
everything,si_large,0,0,8,cuda,6,2,cosmopc27,NVIDIA GeForce RTX 4070 Ti SUPER,2.13.0+cu126,102,26,9.2e-05,mae_prod,4,18.390525,8.764927,26.6,1.79,1.15,0.64,25355.3,25.4,47.06,268.46,7.68,2.48,3.3,1.36,32.62,2026-09-22T08:17:11+00:00,2026-09-22T08:17:41+00:00
