variant,dataset,repeat,num_workers,batch_size,device,stage,calls,ms_per_call,pct
baseline,qm9,0,0,8,cuda,backward,60,12.67,29.9
baseline,qm9,0,0,8,cuda,forward,60,8.36,19.7
baseline,qm9,0,0,8,cuda,group_and_join,78,1.5,4.6
baseline,qm9,0,0,8,cuda,h2d,60,2.1,4.9
baseline,qm9,0,0,8,cuda,loader,60,13.02,30.7
baseline,qm9,0,0,8,cuda,loss,60,1.34,3.2
baseline,qm9,0,0,8,cuda,optimizer,60,1.58,3.7
baseline,qm9,0,0,8,cuda,serialize,78,1.88,5.8
baseline,qm9,0,0,8,cuda,step,60,29.41,69.3
baseline,qm9,0,0,8,cuda,transforms,78,7.65,23.4
baseline,qm9,0,0,8,cuda,unpack,60,1.08,2.6
baseline,qm9,0,0,8,cuda,backward,60,10.18,25.5
baseline,qm9,0,0,8,cuda,forward,60,8.65,21.6
baseline,qm9,0,0,8,cuda,group_and_join,78,1.51,4.9
baseline,qm9,0,0,8,cuda,h2d,60,2.08,5.2
baseline,qm9,0,0,8,cuda,loader,60,12.69,31.8
baseline,qm9,0,0,8,cuda,loss,60,1.33,3.3
baseline,qm9,0,0,8,cuda,optimizer,60,1.6,4.0
baseline,qm9,0,0,8,cuda,serialize,78,1.88,6.1
baseline,qm9,0,0,8,cuda,step,60,27.26,68.2
baseline,qm9,0,0,8,cuda,transforms,78,7.39,24.0
baseline,qm9,0,0,8,cuda,unpack,60,1.09,2.7
baseline,qm9,0,0,8,cuda,backward,60,10.57,25.9
baseline,qm9,0,0,8,cuda,forward,60,8.76,21.5
baseline,qm9,0,0,8,cuda,group_and_join,78,1.5,4.8
baseline,qm9,0,0,8,cuda,h2d,60,2.1,5.2
baseline,qm9,0,0,8,cuda,loader,60,13.03,32.0
baseline,qm9,0,0,8,cuda,loss,60,1.34,3.3
baseline,qm9,0,0,8,cuda,optimizer,60,1.57,3.9
baseline,qm9,0,0,8,cuda,serialize,78,1.89,6.0
baseline,qm9,0,0,8,cuda,step,60,27.72,68.0
baseline,qm9,0,0,8,cuda,transforms,78,7.65,24.4
baseline,qm9,0,0,8,cuda,unpack,60,1.08,2.7
baseline,carbon,0,0,8,cuda,backward,60,9.26,23.5
baseline,carbon,0,0,8,cuda,forward,60,8.62,21.9
baseline,carbon,0,0,8,cuda,group_and_join,78,1.49,4.9
baseline,carbon,0,0,8,cuda,h2d,60,2.01,5.1
baseline,carbon,0,0,8,cuda,loader,60,11.45,29.1
baseline,carbon,0,0,8,cuda,loss,60,1.33,3.4
baseline,carbon,0,0,8,cuda,optimizer,60,3.05,7.8
baseline,carbon,0,0,8,cuda,serialize,78,2.01,6.7
baseline,carbon,0,0,8,cuda,step,60,27.87,70.9
baseline,carbon,0,0,8,cuda,transforms,78,6.31,20.9
baseline,carbon,0,0,8,cuda,unpack,60,1.27,3.2
baseline,carbon,0,0,8,cuda,backward,60,11.69,27.9
baseline,carbon,0,0,8,cuda,forward,60,8.64,20.6
baseline,carbon,0,0,8,cuda,group_and_join,78,1.51,4.7
baseline,carbon,0,0,8,cuda,h2d,60,2.02,4.8
baseline,carbon,0,0,8,cuda,loader,60,11.54,27.5
baseline,carbon,0,0,8,cuda,loss,60,1.34,3.2
baseline,carbon,0,0,8,cuda,optimizer,60,3.24,7.7
baseline,carbon,0,0,8,cuda,serialize,78,2.03,6.3
baseline,carbon,0,0,8,cuda,step,60,30.39,72.5
baseline,carbon,0,0,8,cuda,transforms,78,6.34,19.7
baseline,carbon,0,0,8,cuda,unpack,60,1.24,3.0
baseline,carbon,0,0,8,cuda,backward,60,10.86,26.4
baseline,carbon,0,0,8,cuda,forward,60,8.73,21.2
baseline,carbon,0,0,8,cuda,group_and_join,78,1.51,4.8
baseline,carbon,0,0,8,cuda,h2d,60,2.01,4.9
baseline,carbon,0,0,8,cuda,loader,60,11.49,28.0
baseline,carbon,0,0,8,cuda,loss,60,1.33,3.2
baseline,carbon,0,0,8,cuda,optimizer,60,3.06,7.4
baseline,carbon,0,0,8,cuda,serialize,78,2.04,6.4
baseline,carbon,0,0,8,cuda,step,60,29.59,72.0
baseline,carbon,0,0,8,cuda,transforms,78,6.29,19.9
baseline,carbon,0,0,8,cuda,unpack,60,1.26,3.1
baseline,si216,0,0,8,cuda,backward,36,40.56,39.0
baseline,si216,0,0,8,cuda,forward,36,21.39,20.6
baseline,si216,0,0,8,cuda,group_and_join,48,2.15,2.8
baseline,si216,0,0,8,cuda,h2d,36,2.2,2.1
baseline,si216,0,0,8,cuda,loader,36,26.17,25.2
baseline,si216,0,0,8,cuda,loss,36,1.5,1.4
baseline,si216,0,0,8,cuda,optimizer,36,2.07,2.0
baseline,si216,0,0,8,cuda,serialize,48,9.22,11.8
baseline,si216,0,0,8,cuda,step,36,77.83,74.8
baseline,si216,0,0,8,cuda,transforms,48,11.41,14.6
baseline,si216,0,0,8,cuda,unpack,36,7.77,7.5
baseline,si216,0,0,8,cuda,backward,36,39.85,38.6
baseline,si216,0,0,8,cuda,forward,36,21.33,20.6
baseline,si216,0,0,8,cuda,group_and_join,48,2.12,2.7
baseline,si216,0,0,8,cuda,h2d,36,2.2,2.1
baseline,si216,0,0,8,cuda,loader,36,26.42,25.6
baseline,si216,0,0,8,cuda,loss,36,1.49,1.4
baseline,si216,0,0,8,cuda,optimizer,36,2.02,2.0
baseline,si216,0,0,8,cuda,serialize,48,9.4,12.1
baseline,si216,0,0,8,cuda,step,36,76.96,74.4
baseline,si216,0,0,8,cuda,transforms,48,11.46,14.8
baseline,si216,0,0,8,cuda,unpack,36,7.83,7.6
baseline,si216,0,0,8,cuda,backward,36,40.36,38.8
baseline,si216,0,0,8,cuda,forward,36,21.28,20.4
baseline,si216,0,0,8,cuda,group_and_join,48,2.13,2.7
baseline,si216,0,0,8,cuda,h2d,36,2.21,2.1
baseline,si216,0,0,8,cuda,loader,36,26.47,25.4
baseline,si216,0,0,8,cuda,loss,36,1.49,1.4
baseline,si216,0,0,8,cuda,optimizer,36,2.07,2.0
baseline,si216,0,0,8,cuda,serialize,48,9.39,12.0
baseline,si216,0,0,8,cuda,step,36,77.62,74.6
baseline,si216,0,0,8,cuda,transforms,48,11.5,14.7
baseline,si216,0,0,8,cuda,unpack,36,7.84,7.5
baseline,si_large,0,0,8,cuda,backward,72,175.4,47.6
baseline,si_large,0,0,8,cuda,forward,72,77.61,21.0
baseline,si_large,0,0,8,cuda,group_and_join,96,1.38,0.5
baseline,si_large,0,0,8,cuda,h2d,72,2.75,0.7
baseline,si_large,0,0,8,cuda,loader,72,73.13,19.8
baseline,si_large,0,0,8,cuda,loss,72,1.42,0.4
baseline,si_large,0,0,8,cuda,optimizer,72,2.9,0.8
baseline,si_large,0,0,8,cuda,serialize,96,36.1,13.1
baseline,si_large,0,0,8,cuda,step,72,295.58,80.2
baseline,si_large,0,0,8,cuda,transforms,96,28.04,10.1
baseline,si_large,0,0,8,cuda,unpack,72,32.95,8.9
baseline,si_large,0,0,8,cuda,backward,72,175.39,47.5
baseline,si_large,0,0,8,cuda,forward,72,77.56,21.0
baseline,si_large,0,0,8,cuda,group_and_join,96,1.37,0.5
baseline,si_large,0,0,8,cuda,h2d,72,2.73,0.7
baseline,si_large,0,0,8,cuda,loader,72,74.77,20.2
baseline,si_large,0,0,8,cuda,loss,72,1.43,0.4
baseline,si_large,0,0,8,cuda,optimizer,72,1.65,0.4
baseline,si_large,0,0,8,cuda,serialize,96,36.4,13.1
baseline,si_large,0,0,8,cuda,step,72,294.54,79.8
baseline,si_large,0,0,8,cuda,transforms,96,29.04,10.5
baseline,si_large,0,0,8,cuda,unpack,72,33.21,9.0
baseline,si_large,0,0,8,cuda,backward,72,175.8,47.5
baseline,si_large,0,0,8,cuda,forward,72,77.72,21.0
baseline,si_large,0,0,8,cuda,group_and_join,96,1.38,0.5
baseline,si_large,0,0,8,cuda,h2d,72,2.75,0.7
baseline,si_large,0,0,8,cuda,loader,72,73.37,19.8
baseline,si_large,0,0,8,cuda,loss,72,1.42,0.4
baseline,si_large,0,0,8,cuda,optimizer,72,3.12,0.8
baseline,si_large,0,0,8,cuda,serialize,96,36.39,13.1
baseline,si_large,0,0,8,cuda,step,72,296.6,80.2
baseline,si_large,0,0,8,cuda,transforms,96,27.98,10.1
baseline,si_large,0,0,8,cuda,unpack,72,33.2,9.0
persistent,qm9,0,0,8,cuda,backward,60,11.71,27.8
persistent,qm9,0,0,8,cuda,forward,60,9.28,22.0
persistent,qm9,0,0,8,cuda,group_and_join,78,1.51,4.7
persistent,qm9,0,0,8,cuda,h2d,60,2.11,5.0
persistent,qm9,0,0,8,cuda,loader,60,11.82,28.0
persistent,qm9,0,0,8,cuda,loss,60,1.77,4.2
persistent,qm9,0,0,8,cuda,optimizer,60,2.0,4.7
persistent,qm9,0,0,8,cuda,serialize,78,1.99,6.1
persistent,qm9,0,0,8,cuda,step,60,30.33,72.0
persistent,qm9,0,0,8,cuda,transforms,78,6.7,20.7
persistent,qm9,0,0,8,cuda,unpack,60,1.09,2.6
persistent,qm9,0,0,8,cuda,backward,60,13.67,30.8
persistent,qm9,0,0,8,cuda,forward,60,9.37,21.1
persistent,qm9,0,0,8,cuda,group_and_join,78,1.51,4.4
persistent,qm9,0,0,8,cuda,h2d,60,2.11,4.8
persistent,qm9,0,0,8,cuda,loader,60,11.86,26.7
persistent,qm9,0,0,8,cuda,loss,60,1.85,4.2
persistent,qm9,0,0,8,cuda,optimizer,60,2.07,4.7
persistent,qm9,0,0,8,cuda,serialize,78,2.01,5.9
persistent,qm9,0,0,8,cuda,step,60,32.58,73.3
persistent,qm9,0,0,8,cuda,transforms,78,6.8,19.9
persistent,qm9,0,0,8,cuda,unpack,60,1.1,2.5
persistent,qm9,0,0,8,cuda,backward,60,15.99,34.4
persistent,qm9,0,0,8,cuda,forward,60,9.28,20.0
persistent,qm9,0,0,8,cuda,group_and_join,78,1.5,4.2
persistent,qm9,0,0,8,cuda,h2d,60,2.09,4.5
persistent,qm9,0,0,8,cuda,loader,60,11.59,24.9
persistent,qm9,0,0,8,cuda,loss,60,1.83,3.9
persistent,qm9,0,0,8,cuda,optimizer,60,2.17,4.7
persistent,qm9,0,0,8,cuda,serialize,78,1.92,5.4
persistent,qm9,0,0,8,cuda,step,60,34.89,75.1
persistent,qm9,0,0,8,cuda,transforms,78,6.53,18.3
persistent,qm9,0,0,8,cuda,unpack,60,1.11,2.4
persistent,carbon,0,0,8,cuda,backward,60,12.7,29.4
persistent,carbon,0,0,8,cuda,forward,60,9.4,21.8
persistent,carbon,0,0,8,cuda,group_and_join,78,1.5,4.5
persistent,carbon,0,0,8,cuda,h2d,60,2.01,4.7
persistent,carbon,0,0,8,cuda,loader,60,11.85,27.5
persistent,carbon,0,0,8,cuda,loss,60,1.67,3.9
persistent,carbon,0,0,8,cuda,optimizer,60,1.98,4.6
persistent,carbon,0,0,8,cuda,serialize,78,2.11,6.4
persistent,carbon,0,0,8,cuda,step,60,31.29,72.5
persistent,carbon,0,0,8,cuda,transforms,78,6.54,19.7
persistent,carbon,0,0,8,cuda,unpack,60,1.27,2.9
persistent,carbon,0,0,8,cuda,backward,60,12.47,28.8
persistent,carbon,0,0,8,cuda,forward,60,9.33,21.6
persistent,carbon,0,0,8,cuda,group_and_join,78,1.52,4.6
persistent,carbon,0,0,8,cuda,h2d,60,2.03,4.7
persistent,carbon,0,0,8,cuda,loader,60,11.86,27.4
persistent,carbon,0,0,8,cuda,loss,60,1.71,4.0
persistent,carbon,0,0,8,cuda,optimizer,60,2.12,4.9
persistent,carbon,0,0,8,cuda,serialize,78,2.06,6.2
persistent,carbon,0,0,8,cuda,step,60,31.38,72.6
persistent,carbon,0,0,8,cuda,transforms,78,6.62,19.9
persistent,carbon,0,0,8,cuda,unpack,60,1.29,3.0
persistent,carbon,0,0,8,cuda,backward,60,10.49,25.2
persistent,carbon,0,0,8,cuda,forward,60,9.46,22.8
persistent,carbon,0,0,8,cuda,group_and_join,78,1.51,4.7
persistent,carbon,0,0,8,cuda,h2d,60,2.01,4.8
persistent,carbon,0,0,8,cuda,loader,60,11.96,28.8
persistent,carbon,0,0,8,cuda,loss,60,1.84,4.4
persistent,carbon,0,0,8,cuda,optimizer,60,2.09,5.0
persistent,carbon,0,0,8,cuda,serialize,78,2.07,6.5
persistent,carbon,0,0,8,cuda,step,60,29.63,71.2
persistent,carbon,0,0,8,cuda,transforms,78,6.68,20.9
persistent,carbon,0,0,8,cuda,unpack,60,1.28,3.1
persistent,si216,0,0,8,cuda,backward,36,40.13,37.4
persistent,si216,0,0,8,cuda,forward,36,22.0,20.5
persistent,si216,0,0,8,cuda,group_and_join,48,2.12,2.6
persistent,si216,0,0,8,cuda,h2d,36,2.19,2.0
persistent,si216,0,0,8,cuda,loader,36,27.16,25.3
persistent,si216,0,0,8,cuda,loss,36,2.35,2.2
persistent,si216,0,0,8,cuda,optimizer,36,3.13,2.9
persistent,si216,0,0,8,cuda,serialize,48,9.9,12.3
persistent,si216,0,0,8,cuda,step,36,80.1,74.7
persistent,si216,0,0,8,cuda,transforms,48,11.79,14.7
persistent,si216,0,0,8,cuda,unpack,36,7.87,7.3
persistent,si216,0,0,8,cuda,backward,36,41.0,38.0
persistent,si216,0,0,8,cuda,forward,36,21.81,20.2
persistent,si216,0,0,8,cuda,group_and_join,48,2.13,2.6
persistent,si216,0,0,8,cuda,h2d,36,2.18,2.0
persistent,si216,0,0,8,cuda,loader,36,28.11,26.1
persistent,si216,0,0,8,cuda,loss,36,2.14,2.0
persistent,si216,0,0,8,cuda,optimizer,36,2.34,2.2
persistent,si216,0,0,8,cuda,serialize,48,10.37,12.8
persistent,si216,0,0,8,cuda,step,36,79.75,73.9
persistent,si216,0,0,8,cuda,transforms,48,11.77,14.6
persistent,si216,0,0,8,cuda,unpack,36,7.86,7.3
persistent,si216,0,0,8,cuda,backward,36,40.77,37.8
persistent,si216,0,0,8,cuda,forward,36,21.92,20.3
persistent,si216,0,0,8,cuda,group_and_join,48,2.15,2.7
persistent,si216,0,0,8,cuda,h2d,36,2.21,2.0
persistent,si216,0,0,8,cuda,loader,36,28.01,26.0
persistent,si216,0,0,8,cuda,loss,36,2.27,2.1
persistent,si216,0,0,8,cuda,optimizer,36,2.54,2.4
persistent,si216,0,0,8,cuda,serialize,48,10.13,12.5
persistent,si216,0,0,8,cuda,step,36,79.91,74.0
persistent,si216,0,0,8,cuda,transforms,48,12.18,15.0
persistent,si216,0,0,8,cuda,unpack,36,7.81,7.2
persistent,si_large,0,0,8,cuda,backward,72,175.59,47.4
persistent,si_large,0,0,8,cuda,forward,72,78.07,21.1
persistent,si_large,0,0,8,cuda,group_and_join,96,1.38,0.5
persistent,si_large,0,0,8,cuda,h2d,72,2.73,0.7
persistent,si_large,0,0,8,cuda,loader,72,74.75,20.2
persistent,si_large,0,0,8,cuda,loss,72,1.53,0.4
persistent,si_large,0,0,8,cuda,optimizer,72,2.11,0.6
persistent,si_large,0,0,8,cuda,serialize,96,37.03,13.3
persistent,si_large,0,0,8,cuda,step,72,295.9,79.8
persistent,si_large,0,0,8,cuda,transforms,96,28.46,10.2
persistent,si_large,0,0,8,cuda,unpack,72,33.12,8.9
persistent,si_large,0,0,8,cuda,backward,72,175.51,47.3
persistent,si_large,0,0,8,cuda,forward,72,78.33,21.1
persistent,si_large,0,0,8,cuda,group_and_join,96,1.37,0.5
persistent,si_large,0,0,8,cuda,h2d,72,2.74,0.7
persistent,si_large,0,0,8,cuda,loader,72,74.99,20.2
persistent,si_large,0,0,8,cuda,loss,72,1.59,0.4
persistent,si_large,0,0,8,cuda,optimizer,72,2.1,0.6
persistent,si_large,0,0,8,cuda,serialize,96,37.22,13.4
persistent,si_large,0,0,8,cuda,step,72,296.08,79.8
persistent,si_large,0,0,8,cuda,transforms,96,28.51,10.2
persistent,si_large,0,0,8,cuda,unpack,72,33.06,8.9
persistent,si_large,0,0,8,cuda,backward,72,175.58,47.6
persistent,si_large,0,0,8,cuda,forward,72,77.21,20.9
persistent,si_large,0,0,8,cuda,group_and_join,96,1.36,0.5
persistent,si_large,0,0,8,cuda,h2d,72,2.71,0.7
persistent,si_large,0,0,8,cuda,loader,72,74.92,20.3
persistent,si_large,0,0,8,cuda,loss,72,1.49,0.4
persistent,si_large,0,0,8,cuda,optimizer,72,1.71,0.5
persistent,si_large,0,0,8,cuda,serialize,96,37.27,13.5
persistent,si_large,0,0,8,cuda,step,72,294.23,79.7
persistent,si_large,0,0,8,cuda,transforms,96,28.53,10.3
persistent,si_large,0,0,8,cuda,unpack,72,32.96,8.9
timed,qm9,0,0,8,cuda,backward,60,11.69,27.3
timed,qm9,0,0,8,cuda,forward,60,9.75,22.8
timed,qm9,0,0,8,cuda,group_and_join,78,1.51,4.6
timed,qm9,0,0,8,cuda,h2d,60,2.1,4.9
timed,qm9,0,0,8,cuda,loader,60,11.81,27.6
timed,qm9,0,0,8,cuda,loss,60,1.8,4.2
timed,qm9,0,0,8,cuda,optimizer,60,2.12,4.9
timed,qm9,0,0,8,cuda,serialize,78,1.97,6.0
timed,qm9,0,0,8,cuda,step,60,31.03,72.4
timed,qm9,0,0,8,cuda,transforms,78,6.73,20.4
timed,qm9,0,0,8,cuda,transforms/apply_random_augmentations,60,2.71,6.3
timed,qm9,0,0,8,cuda,transforms/transform,312,1.15,13.9
timed,qm9,0,0,8,cuda,unpack,60,1.12,2.6
timed,qm9,0,0,8,cuda,backward,60,13.21,30.2
timed,qm9,0,0,8,cuda,forward,60,9.63,22.0
timed,qm9,0,0,8,cuda,group_and_join,78,1.75,5.2
timed,qm9,0,0,8,cuda,h2d,60,2.11,4.8
timed,qm9,0,0,8,cuda,loader,60,12.1,27.6
timed,qm9,0,0,8,cuda,loss,60,1.4,3.2
timed,qm9,0,0,8,cuda,optimizer,60,1.79,4.1
timed,qm9,0,0,8,cuda,serialize,78,2.01,6.0
timed,qm9,0,0,8,cuda,step,60,31.67,72.4
timed,qm9,0,0,8,cuda,transforms,78,6.69,19.9
timed,qm9,0,0,8,cuda,transforms/apply_random_augmentations,60,2.67,6.1
timed,qm9,0,0,8,cuda,transforms/transform,312,1.14,13.6
timed,qm9,0,0,8,cuda,unpack,60,1.12,2.6
timed,qm9,0,0,8,cuda,backward,60,11.6,27.4
timed,qm9,0,0,8,cuda,forward,60,9.56,22.6
timed,qm9,0,0,8,cuda,group_and_join,78,1.5,4.6
timed,qm9,0,0,8,cuda,h2d,60,2.09,4.9
timed,qm9,0,0,8,cuda,loader,60,11.98,28.3
timed,qm9,0,0,8,cuda,loss,60,1.67,4.0
timed,qm9,0,0,8,cuda,optimizer,60,1.96,4.6
timed,qm9,0,0,8,cuda,serialize,78,1.95,6.0
timed,qm9,0,0,8,cuda,step,60,30.3,71.7
timed,qm9,0,0,8,cuda,transforms,78,6.84,21.0
timed,qm9,0,0,8,cuda,transforms/apply_random_augmentations,60,2.77,6.6
timed,qm9,0,0,8,cuda,transforms/transform,312,1.16,14.3
timed,qm9,0,0,8,cuda,unpack,60,1.09,2.6
timed,carbon,0,0,8,cuda,backward,60,14.19,31.2
timed,carbon,0,0,8,cuda,forward,60,9.36,20.6
timed,carbon,0,0,8,cuda,group_and_join,78,1.51,4.3
timed,carbon,0,0,8,cuda,h2d,60,2.03,4.5
timed,carbon,0,0,8,cuda,loader,60,12.2,26.8
timed,carbon,0,0,8,cuda,loss,60,1.83,4.0
timed,carbon,0,0,8,cuda,optimizer,60,2.15,4.7
timed,carbon,0,0,8,cuda,serialize,78,2.06,5.9
timed,carbon,0,0,8,cuda,step,60,33.28,73.2
timed,carbon,0,0,8,cuda,transforms,78,6.86,19.6
timed,carbon,0,0,8,cuda,transforms/apply_random_augmentations,60,2.78,6.1
timed,carbon,0,0,8,cuda,transforms/transform,312,1.16,13.3
timed,carbon,0,0,8,cuda,unpack,60,1.28,2.8
timed,carbon,0,0,8,cuda,backward,60,10.92,26.8
timed,carbon,0,0,8,cuda,forward,60,9.04,22.2
timed,carbon,0,0,8,cuda,group_and_join,78,1.71,5.5
timed,carbon,0,0,8,cuda,h2d,60,2.01,4.9
timed,carbon,0,0,8,cuda,loader,60,12.13,29.8
timed,carbon,0,0,8,cuda,loss,60,1.36,3.3
timed,carbon,0,0,8,cuda,optimizer,60,1.63,4.0
timed,carbon,0,0,8,cuda,serialize,78,2.04,6.5
timed,carbon,0,0,8,cuda,step,60,28.54,70.2
timed,carbon,0,0,8,cuda,transforms,78,6.66,21.3
timed,carbon,0,0,8,cuda,transforms/apply_random_augmentations,60,2.69,6.6
timed,carbon,0,0,8,cuda,transforms/transform,312,1.13,14.5
timed,carbon,0,0,8,cuda,unpack,60,1.26,3.1
timed,carbon,0,0,8,cuda,backward,60,13.49,30.6
timed,carbon,0,0,8,cuda,forward,60,9.24,20.9
timed,carbon,0,0,8,cuda,group_and_join,78,1.48,4.4
timed,carbon,0,0,8,cuda,h2d,60,2.0,4.5
timed,carbon,0,0,8,cuda,loader,60,12.17,27.6
timed,carbon,0,0,8,cuda,loss,60,1.74,3.9
timed,carbon,0,0,8,cuda,optimizer,60,2.0,4.5
timed,carbon,0,0,8,cuda,serialize,78,2.12,6.2
timed,carbon,0,0,8,cuda,step,60,31.98,72.4
timed,carbon,0,0,8,cuda,transforms,78,6.8,20.0
timed,carbon,0,0,8,cuda,transforms/apply_random_augmentations,60,2.72,6.2
timed,carbon,0,0,8,cuda,transforms/transform,312,1.16,13.7
timed,carbon,0,0,8,cuda,unpack,60,1.25,2.8
timed,si216,0,0,8,cuda,backward,36,40.64,37.7
timed,si216,0,0,8,cuda,forward,36,21.83,20.2
timed,si216,0,0,8,cuda,group_and_join,48,2.12,2.6
timed,si216,0,0,8,cuda,h2d,36,2.21,2.0
timed,si216,0,0,8,cuda,loader,36,28.31,26.2
timed,si216,0,0,8,cuda,loss,36,2.28,2.1
timed,si216,0,0,8,cuda,optimizer,36,2.33,2.2
timed,si216,0,0,8,cuda,serialize,48,10.41,12.9
timed,si216,0,0,8,cuda,step,36,79.55,73.8
timed,si216,0,0,8,cuda,transforms,48,11.89,14.7
timed,si216,0,0,8,cuda,transforms/apply_random_augmentations,36,2.79,2.6
timed,si216,0,0,8,cuda,transforms/transform,192,2.44,12.0
timed,si216,0,0,8,cuda,unpack,36,7.93,7.4
timed,si216,0,0,8,cuda,backward,36,40.89,37.9
timed,si216,0,0,8,cuda,forward,36,21.84,20.2
timed,si216,0,0,8,cuda,group_and_join,48,2.12,2.6
timed,si216,0,0,8,cuda,h2d,36,2.19,2.0
timed,si216,0,0,8,cuda,loader,36,27.92,25.9
timed,si216,0,0,8,cuda,loss,36,2.14,2.0
timed,si216,0,0,8,cuda,optimizer,36,2.58,2.4
timed,si216,0,0,8,cuda,serialize,48,9.82,12.1
timed,si216,0,0,8,cuda,step,36,80.03,74.1
timed,si216,0,0,8,cuda,transforms,48,12.31,15.2
timed,si216,0,0,8,cuda,transforms/apply_random_augmentations,36,3.05,2.8
timed,si216,0,0,8,cuda,transforms/transform,192,2.49,12.3
timed,si216,0,0,8,cuda,unpack,36,7.91,7.3
timed,si216,0,0,8,cuda,backward,36,39.83,37.3
timed,si216,0,0,8,cuda,forward,36,21.74,20.4
timed,si216,0,0,8,cuda,group_and_join,48,2.11,2.6
timed,si216,0,0,8,cuda,h2d,36,2.17,2.0
timed,si216,0,0,8,cuda,loader,36,27.55,25.8
timed,si216,0,0,8,cuda,loss,36,2.22,2.1
timed,si216,0,0,8,cuda,optimizer,36,3.05,2.9
timed,si216,0,0,8,cuda,serialize,48,9.8,12.2
timed,si216,0,0,8,cuda,step,36,79.17,74.2
timed,si216,0,0,8,cuda,transforms,48,12.0,15.0
timed,si216,0,0,8,cuda,transforms/apply_random_augmentations,36,2.89,2.7
timed,si216,0,0,8,cuda,transforms/transform,192,2.44,12.2
timed,si216,0,0,8,cuda,unpack,36,7.82,7.3
timed,si_large,0,0,8,cuda,backward,72,175.95,47.5
timed,si_large,0,0,8,cuda,forward,72,77.91,21.0
timed,si_large,0,0,8,cuda,group_and_join,96,1.37,0.5
timed,si_large,0,0,8,cuda,h2d,72,2.71,0.7
timed,si_large,0,0,8,cuda,loader,72,74.67,20.2
timed,si_large,0,0,8,cuda,loss,72,1.45,0.4
timed,si_large,0,0,8,cuda,optimizer,72,1.74,0.5
timed,si_large,0,0,8,cuda,serialize,96,36.6,13.2
timed,si_large,0,0,8,cuda,step,72,295.63,79.8
timed,si_large,0,0,8,cuda,transforms,96,28.86,10.4
timed,si_large,0,0,8,cuda,transforms/apply_random_augmentations,72,3.03,0.8
timed,si_large,0,0,8,cuda,transforms/transform,384,6.63,9.5
timed,si_large,0,0,8,cuda,unpack,72,33.25,9.0
timed,si_large,0,0,8,cuda,backward,72,175.78,47.3
timed,si_large,0,0,8,cuda,forward,72,78.04,21.0
timed,si_large,0,0,8,cuda,group_and_join,96,1.38,0.5
timed,si_large,0,0,8,cuda,h2d,72,2.72,0.7
timed,si_large,0,0,8,cuda,loader,72,75.49,20.3
timed,si_large,0,0,8,cuda,loss,72,1.44,0.4
timed,si_large,0,0,8,cuda,optimizer,72,2.04,0.5
timed,si_large,0,0,8,cuda,serialize,96,37.44,13.4
timed,si_large,0,0,8,cuda,step,72,296.09,79.7
timed,si_large,0,0,8,cuda,transforms,96,28.72,10.3
timed,si_large,0,0,8,cuda,transforms/apply_random_augmentations,72,2.96,0.8
timed,si_large,0,0,8,cuda,transforms/transform,384,6.61,9.5
timed,si_large,0,0,8,cuda,unpack,72,33.38,9.0
timed,si_large,0,0,8,cuda,backward,72,175.74,47.5
timed,si_large,0,0,8,cuda,forward,72,77.26,20.9
timed,si_large,0,0,8,cuda,group_and_join,96,1.38,0.5
timed,si_large,0,0,8,cuda,h2d,72,2.72,0.7
timed,si_large,0,0,8,cuda,loader,72,75.06,20.3
timed,si_large,0,0,8,cuda,loss,72,1.46,0.4
timed,si_large,0,0,8,cuda,optimizer,72,1.73,0.5
timed,si_large,0,0,8,cuda,serialize,96,37.16,13.4
timed,si_large,0,0,8,cuda,step,72,294.92,79.7
timed,si_large,0,0,8,cuda,transforms,96,28.6,10.3
timed,si_large,0,0,8,cuda,transforms/apply_random_augmentations,72,3.07,0.8
timed,si_large,0,0,8,cuda,transforms/transform,384,6.56,9.5
timed,si_large,0,0,8,cuda,unpack,72,33.32,9.0
pinned,qm9,0,0,8,cuda,backward,60,12.23,28.3
pinned,qm9,0,0,8,cuda,forward,60,9.71,22.5
pinned,qm9,0,0,8,cuda,group_and_join,78,1.49,4.5
pinned,qm9,0,0,8,cuda,h2d,60,2.08,4.8
pinned,qm9,0,0,8,cuda,loader,60,11.85,27.4
pinned,qm9,0,0,8,cuda,loss,60,1.85,4.3
pinned,qm9,0,0,8,cuda,optimizer,60,2.08,4.8
pinned,qm9,0,0,8,cuda,serialize,78,1.95,5.9
pinned,qm9,0,0,8,cuda,step,60,31.36,72.6
pinned,qm9,0,0,8,cuda,transforms,78,6.74,20.3
pinned,qm9,0,0,8,cuda,transforms/apply_random_augmentations,60,2.69,6.2
pinned,qm9,0,0,8,cuda,transforms/transform,312,1.15,13.9
pinned,qm9,0,0,8,cuda,unpack,60,1.09,2.5
pinned,qm9,0,0,8,cuda,backward,60,15.32,33.5
pinned,qm9,0,0,8,cuda,forward,60,9.42,20.6
pinned,qm9,0,0,8,cuda,group_and_join,78,1.5,4.3
pinned,qm9,0,0,8,cuda,h2d,60,2.1,4.6
pinned,qm9,0,0,8,cuda,loader,60,11.91,26.1
pinned,qm9,0,0,8,cuda,loss,60,1.4,3.1
pinned,qm9,0,0,8,cuda,optimizer,60,2.12,4.6
pinned,qm9,0,0,8,cuda,serialize,78,1.95,5.5
pinned,qm9,0,0,8,cuda,step,60,33.8,73.9
pinned,qm9,0,0,8,cuda,transforms,78,6.79,19.3
pinned,qm9,0,0,8,cuda,transforms/apply_random_augmentations,60,2.73,6.0
pinned,qm9,0,0,8,cuda,transforms/transform,312,1.16,13.2
pinned,qm9,0,0,8,cuda,unpack,60,1.1,2.4
pinned,qm9,0,0,8,cuda,backward,60,13.81,30.8
pinned,qm9,0,0,8,cuda,forward,60,9.68,21.6
pinned,qm9,0,0,8,cuda,group_and_join,78,1.52,4.4
pinned,qm9,0,0,8,cuda,h2d,60,2.08,4.6
pinned,qm9,0,0,8,cuda,loader,60,11.91,26.6
pinned,qm9,0,0,8,cuda,loss,60,1.82,4.0
pinned,qm9,0,0,8,cuda,optimizer,60,2.12,4.7
pinned,qm9,0,0,8,cuda,serialize,78,2.01,5.8
pinned,qm9,0,0,8,cuda,step,60,32.95,73.4
pinned,qm9,0,0,8,cuda,transforms,78,6.73,19.5
pinned,qm9,0,0,8,cuda,transforms/apply_random_augmentations,60,2.72,6.1
pinned,qm9,0,0,8,cuda,transforms/transform,312,1.15,13.3
pinned,qm9,0,0,8,cuda,unpack,60,1.1,2.5
pinned,carbon,0,0,8,cuda,backward,60,14.8,32.1
pinned,carbon,0,0,8,cuda,forward,60,9.4,20.4
pinned,carbon,0,0,8,cuda,group_and_join,78,1.51,4.3
pinned,carbon,0,0,8,cuda,h2d,60,2.03,4.4
pinned,carbon,0,0,8,cuda,loader,60,12.19,26.5
pinned,carbon,0,0,8,cuda,loss,60,1.75,3.8
pinned,carbon,0,0,8,cuda,optimizer,60,2.2,4.8
pinned,carbon,0,0,8,cuda,serialize,78,2.05,5.8
pinned,carbon,0,0,8,cuda,step,60,33.9,73.5
pinned,carbon,0,0,8,cuda,transforms,78,6.82,19.2
pinned,carbon,0,0,8,cuda,transforms/apply_random_augmentations,60,2.77,6.0
pinned,carbon,0,0,8,cuda,transforms/transform,312,1.16,13.0
pinned,carbon,0,0,8,cuda,unpack,60,1.28,2.8
pinned,carbon,0,0,8,cuda,backward,60,15.59,33.5
pinned,carbon,0,0,8,cuda,forward,60,9.27,19.9
pinned,carbon,0,0,8,cuda,group_and_join,78,1.52,4.2
pinned,carbon,0,0,8,cuda,h2d,60,2.04,4.4
pinned,carbon,0,0,8,cuda,loader,60,12.04,25.9
pinned,carbon,0,0,8,cuda,loss,60,1.78,3.8
pinned,carbon,0,0,8,cuda,optimizer,60,2.13,4.6
pinned,carbon,0,0,8,cuda,serialize,78,2.06,5.7
pinned,carbon,0,0,8,cuda,step,60,34.51,74.1
pinned,carbon,0,0,8,cuda,transforms,78,6.72,18.8
pinned,carbon,0,0,8,cuda,transforms/apply_random_augmentations,60,2.7,5.8
pinned,carbon,0,0,8,cuda,transforms/transform,312,1.15,12.8
pinned,carbon,0,0,8,cuda,unpack,60,1.29,2.8
pinned,carbon,0,0,8,cuda,backward,60,15.45,33.0
pinned,carbon,0,0,8,cuda,forward,60,9.53,20.4
pinned,carbon,0,0,8,cuda,group_and_join,78,1.99,5.5
pinned,carbon,0,0,8,cuda,h2d,60,2.04,4.4
pinned,carbon,0,0,8,cuda,loader,60,12.97,27.7
pinned,carbon,0,0,8,cuda,loss,60,1.37,2.9
pinned,carbon,0,0,8,cuda,optimizer,60,1.67,3.6
pinned,carbon,0,0,8,cuda,serialize,78,2.09,5.8
pinned,carbon,0,0,8,cuda,step,60,33.82,72.3
pinned,carbon,0,0,8,cuda,transforms,78,6.96,19.3
pinned,carbon,0,0,8,cuda,transforms/apply_random_augmentations,60,2.76,5.9
pinned,carbon,0,0,8,cuda,transforms/transform,312,1.19,13.3
pinned,carbon,0,0,8,cuda,unpack,60,1.29,2.8
pinned,si216,0,0,8,cuda,backward,36,41.1,36.3
pinned,si216,0,0,8,cuda,forward,36,21.99,19.4
pinned,si216,0,0,8,cuda,group_and_join,48,2.13,2.5
pinned,si216,0,0,8,cuda,h2d,36,2.25,2.0
pinned,si216,0,0,8,cuda,loader,36,31.62,27.9
pinned,si216,0,0,8,cuda,loss,36,2.26,2.0
pinned,si216,0,0,8,cuda,optimizer,36,2.33,2.1
pinned,si216,0,0,8,cuda,serialize,48,12.8,15.1
pinned,si216,0,0,8,cuda,step,36,81.59,72.1
pinned,si216,0,0,8,cuda,transforms,48,12.09,14.2
pinned,si216,0,0,8,cuda,transforms/apply_random_augmentations,36,2.88,2.5
pinned,si216,0,0,8,cuda,transforms/transform,192,2.47,11.6
pinned,si216,0,0,8,cuda,unpack,36,9.29,8.2
pinned,si216,0,0,8,cuda,backward,36,40.16,35.6
pinned,si216,0,0,8,cuda,forward,36,21.9,19.4
pinned,si216,0,0,8,cuda,group_and_join,48,2.11,2.5
pinned,si216,0,0,8,cuda,h2d,36,2.24,2.0
pinned,si216,0,0,8,cuda,loader,36,31.81,28.2
pinned,si216,0,0,8,cuda,loss,36,2.29,2.0
pinned,si216,0,0,8,cuda,optimizer,36,3.25,2.9
pinned,si216,0,0,8,cuda,serialize,48,12.64,14.9
pinned,si216,0,0,8,cuda,step,36,81.05,71.8
pinned,si216,0,0,8,cuda,transforms,48,11.78,13.9
pinned,si216,0,0,8,cuda,transforms/apply_random_augmentations,36,2.74,2.4
pinned,si216,0,0,8,cuda,transforms/transform,192,2.42,11.4
pinned,si216,0,0,8,cuda,unpack,36,8.9,7.9
pinned,si216,0,0,8,cuda,backward,36,41.38,36.4
pinned,si216,0,0,8,cuda,forward,36,22.33,19.7
pinned,si216,0,0,8,cuda,group_and_join,48,2.14,2.5
pinned,si216,0,0,8,cuda,h2d,36,2.21,1.9
pinned,si216,0,0,8,cuda,loader,36,31.22,27.5
pinned,si216,0,0,8,cuda,loss,36,1.77,1.6
pinned,si216,0,0,8,cuda,optimizer,36,2.56,2.3
pinned,si216,0,0,8,cuda,serialize,48,11.65,13.7
pinned,si216,0,0,8,cuda,step,36,82.36,72.5
pinned,si216,0,0,8,cuda,transforms,48,12.51,14.7
pinned,si216,0,0,8,cuda,transforms/apply_random_augmentations,36,2.75,2.4
pinned,si216,0,0,8,cuda,transforms/transform,192,2.6,12.2
pinned,si216,0,0,8,cuda,unpack,36,9.64,8.5
pinned,si_large,0,0,8,cuda,backward,72,175.29,45.4
pinned,si_large,0,0,8,cuda,forward,72,78.02,20.2
pinned,si_large,0,0,8,cuda,group_and_join,96,1.37,0.5
pinned,si_large,0,0,8,cuda,h2d,72,2.71,0.7
pinned,si_large,0,0,8,cuda,loader,72,86.62,22.4
pinned,si_large,0,0,8,cuda,loss,72,1.53,0.4
pinned,si_large,0,0,8,cuda,optimizer,72,2.0,0.5
pinned,si_large,0,0,8,cuda,serialize,96,44.0,15.2
pinned,si_large,0,0,8,cuda,step,72,299.37,77.6
pinned,si_large,0,0,8,cuda,transforms,96,28.64,9.9
pinned,si_large,0,0,8,cuda,transforms/apply_random_augmentations,72,2.98,0.8
pinned,si_large,0,0,8,cuda,transforms/transform,384,6.59,9.1
pinned,si_large,0,0,8,cuda,unpack,72,37.28,9.7
pinned,si_large,0,0,8,cuda,backward,72,175.56,45.6
pinned,si_large,0,0,8,cuda,forward,72,78.03,20.2
pinned,si_large,0,0,8,cuda,group_and_join,96,1.37,0.5
pinned,si_large,0,0,8,cuda,h2d,72,2.72,0.7
pinned,si_large,0,0,8,cuda,loader,72,86.18,22.4
pinned,si_large,0,0,8,cuda,loss,72,1.58,0.4
pinned,si_large,0,0,8,cuda,optimizer,72,1.96,0.5
pinned,si_large,0,0,8,cuda,serialize,96,43.61,15.1
pinned,si_large,0,0,8,cuda,step,72,299.19,77.6
pinned,si_large,0,0,8,cuda,transforms,96,28.66,9.9
pinned,si_large,0,0,8,cuda,transforms/apply_random_augmentations,72,3.07,0.8
pinned,si_large,0,0,8,cuda,transforms/transform,384,6.57,9.1
pinned,si_large,0,0,8,cuda,unpack,72,36.82,9.6
pinned,si_large,0,0,8,cuda,backward,72,175.89,45.5
pinned,si_large,0,0,8,cuda,forward,72,77.4,20.0
pinned,si_large,0,0,8,cuda,group_and_join,96,1.39,0.5
pinned,si_large,0,0,8,cuda,h2d,72,2.77,0.7
pinned,si_large,0,0,8,cuda,loader,72,87.21,22.5
pinned,si_large,0,0,8,cuda,loss,72,1.51,0.4
pinned,si_large,0,0,8,cuda,optimizer,72,1.82,0.5
pinned,si_large,0,0,8,cuda,serialize,96,44.29,15.3
pinned,si_large,0,0,8,cuda,step,72,299.7,77.5
pinned,si_large,0,0,8,cuda,transforms,96,29.03,10.0
pinned,si_large,0,0,8,cuda,transforms/apply_random_augmentations,72,3.14,0.8
pinned,si_large,0,0,8,cuda,transforms/transform,384,6.65,9.2
pinned,si_large,0,0,8,cuda,unpack,72,37.63,9.7
transport,qm9,0,0,8,cuda,backward,60,14.72,33.0
transport,qm9,0,0,8,cuda,forward,60,9.71,21.8
transport,qm9,0,0,8,cuda,group_and_join,78,1.51,4.4
transport,qm9,0,0,8,cuda,h2d,60,2.09,4.7
transport,qm9,0,0,8,cuda,loader,60,10.29,23.1
transport,qm9,0,0,8,cuda,loss,60,1.95,4.4
transport,qm9,0,0,8,cuda,optimizer,60,2.18,4.9
transport,qm9,0,0,8,cuda,serialize,78,0.41,1.2
transport,qm9,0,0,8,cuda,step,60,34.32,76.9
transport,qm9,0,0,8,cuda,transforms,78,6.81,19.8
transport,qm9,0,0,8,cuda,unpack,60,1.2,2.7
transport,qm9,0,0,8,cuda,backward,60,13.18,31.5
transport,qm9,0,0,8,cuda,forward,60,9.38,22.4
transport,qm9,0,0,8,cuda,group_and_join,78,1.5,4.6
transport,qm9,0,0,8,cuda,h2d,60,2.03,4.9
transport,qm9,0,0,8,cuda,loader,60,9.94,23.7
transport,qm9,0,0,8,cuda,loss,60,1.85,4.4
transport,qm9,0,0,8,cuda,optimizer,60,2.07,4.9
transport,qm9,0,0,8,cuda,serialize,78,0.43,1.3
transport,qm9,0,0,8,cuda,step,60,31.96,76.3
transport,qm9,0,0,8,cuda,transforms,78,6.51,20.2
transport,qm9,0,0,8,cuda,unpack,60,1.18,2.8
transport,qm9,0,0,8,cuda,backward,60,10.72,26.9
transport,qm9,0,0,8,cuda,forward,60,9.39,23.5
transport,qm9,0,0,8,cuda,group_and_join,78,1.5,4.9
transport,qm9,0,0,8,cuda,h2d,60,2.05,5.1
transport,qm9,0,0,8,cuda,loader,60,10.14,25.4
transport,qm9,0,0,8,cuda,loss,60,1.81,4.5
transport,qm9,0,0,8,cuda,optimizer,60,2.16,5.4
transport,qm9,0,0,8,cuda,serialize,78,0.41,1.3
transport,qm9,0,0,8,cuda,step,60,29.76,74.6
transport,qm9,0,0,8,cuda,transforms,78,6.61,21.5
transport,qm9,0,0,8,cuda,unpack,60,1.2,3.0
transport,carbon,0,0,8,cuda,backward,60,13.1,31.1
transport,carbon,0,0,8,cuda,forward,60,9.35,22.2
transport,carbon,0,0,8,cuda,group_and_join,78,1.88,5.8
transport,carbon,0,0,8,cuda,h2d,60,1.99,4.7
transport,carbon,0,0,8,cuda,loader,60,10.63,25.2
transport,carbon,0,0,8,cuda,loss,60,1.86,4.4
transport,carbon,0,0,8,cuda,optimizer,60,1.64,3.9
transport,carbon,0,0,8,cuda,serialize,78,0.41,1.3
transport,carbon,0,0,8,cuda,step,60,31.55,74.8
transport,carbon,0,0,8,cuda,transforms,78,6.61,20.4
transport,carbon,0,0,8,cuda,unpack,60,1.22,2.9
transport,carbon,0,0,8,cuda,backward,60,10.4,26.8
transport,carbon,0,0,8,cuda,forward,60,9.23,23.7
transport,carbon,0,0,8,cuda,group_and_join,78,1.84,6.2
transport,carbon,0,0,8,cuda,h2d,60,1.98,5.1
transport,carbon,0,0,8,cuda,loader,60,10.7,27.5
transport,carbon,0,0,8,cuda,loss,60,1.37,3.5
transport,carbon,0,0,8,cuda,optimizer,60,1.61,4.1
transport,carbon,0,0,8,cuda,serialize,78,0.42,1.4
transport,carbon,0,0,8,cuda,step,60,28.17,72.5
transport,carbon,0,0,8,cuda,transforms,78,6.69,22.4
transport,carbon,0,0,8,cuda,unpack,60,1.24,3.2
transport,carbon,0,0,8,cuda,backward,60,9.78,24.9
transport,carbon,0,0,8,cuda,forward,60,9.63,24.5
transport,carbon,0,0,8,cuda,group_and_join,78,1.56,5.1
transport,carbon,0,0,8,cuda,h2d,60,2.01,5.1
transport,carbon,0,0,8,cuda,loader,60,10.1,25.7
transport,carbon,0,0,8,cuda,loss,60,1.89,4.8
transport,carbon,0,0,8,cuda,optimizer,60,2.18,5.6
transport,carbon,0,0,8,cuda,serialize,78,0.41,1.4
transport,carbon,0,0,8,cuda,step,60,29.19,74.3
transport,carbon,0,0,8,cuda,transforms,78,6.54,21.6
transport,carbon,0,0,8,cuda,unpack,60,1.23,3.1
transport,si216,0,0,8,cuda,backward,36,41.15,44.0
transport,si216,0,0,8,cuda,forward,36,22.24,23.8
transport,si216,0,0,8,cuda,group_and_join,48,2.13,3.0
transport,si216,0,0,8,cuda,h2d,36,2.16,2.3
transport,si216,0,0,8,cuda,loader,36,18.48,19.7
transport,si216,0,0,8,cuda,loss,36,1.55,1.7
transport,si216,0,0,8,cuda,optimizer,36,3.41,3.6
transport,si216,0,0,8,cuda,serialize,48,1.15,1.6
transport,si216,0,0,8,cuda,step,36,75.13,80.3
transport,si216,0,0,8,cuda,transforms,48,12.07,17.2
transport,si216,0,0,8,cuda,unpack,36,2.23,2.4
transport,si216,0,0,8,cuda,backward,36,40.75,43.8
transport,si216,0,0,8,cuda,forward,36,22.71,24.4
transport,si216,0,0,8,cuda,group_and_join,48,2.18,3.1
transport,si216,0,0,8,cuda,h2d,36,2.16,2.3
transport,si216,0,0,8,cuda,loader,36,17.67,19.0
transport,si216,0,0,8,cuda,loss,36,2.31,2.5
transport,si216,0,0,8,cuda,optimizer,36,2.76,3.0
transport,si216,0,0,8,cuda,serialize,48,0.59,0.8
transport,si216,0,0,8,cuda,step,36,75.4,81.0
transport,si216,0,0,8,cuda,transforms,48,11.84,17.0
transport,si216,0,0,8,cuda,unpack,36,2.23,2.4
transport,si216,0,0,8,cuda,backward,36,40.36,43.4
transport,si216,0,0,8,cuda,forward,36,22.75,24.5
transport,si216,0,0,8,cuda,group_and_join,48,2.1,3.0
transport,si216,0,0,8,cuda,h2d,36,2.16,2.3
transport,si216,0,0,8,cuda,loader,36,17.57,18.9
transport,si216,0,0,8,cuda,loss,36,2.41,2.6
transport,si216,0,0,8,cuda,optimizer,36,3.0,3.2
transport,si216,0,0,8,cuda,serialize,48,0.58,0.8
transport,si216,0,0,8,cuda,step,36,75.34,81.1
transport,si216,0,0,8,cuda,transforms,48,11.88,17.0
transport,si216,0,0,8,cuda,unpack,36,2.19,2.4
transport,si_large,0,0,8,cuda,backward,72,175.39,57.2
transport,si_large,0,0,8,cuda,forward,72,77.79,25.4
transport,si_large,0,0,8,cuda,group_and_join,96,1.35,0.6
transport,si_large,0,0,8,cuda,h2d,72,2.66,0.9
transport,si_large,0,0,8,cuda,loader,72,38.84,12.7
transport,si_large,0,0,8,cuda,loss,72,1.44,0.5
transport,si_large,0,0,8,cuda,optimizer,72,1.69,0.6
transport,si_large,0,0,8,cuda,serialize,96,1.73,0.8
transport,si_large,0,0,8,cuda,step,72,267.75,87.3
transport,si_large,0,0,8,cuda,transforms,96,29.55,12.9
transport,si_large,0,0,8,cuda,unpack,72,6.28,2.0
transport,si_large,0,0,8,cuda,backward,72,175.7,57.2
transport,si_large,0,0,8,cuda,forward,72,77.99,25.4
transport,si_large,0,0,8,cuda,group_and_join,96,1.38,0.6
transport,si_large,0,0,8,cuda,h2d,72,2.7,0.9
transport,si_large,0,0,8,cuda,loader,72,38.63,12.6
transport,si_large,0,0,8,cuda,loss,72,1.46,0.5
transport,si_large,0,0,8,cuda,optimizer,72,1.75,0.6
transport,si_large,0,0,8,cuda,serialize,96,2.21,1.0
transport,si_large,0,0,8,cuda,step,72,268.57,87.4
transport,si_large,0,0,8,cuda,transforms,96,29.01,12.6
transport,si_large,0,0,8,cuda,unpack,72,6.31,2.1
transport,si_large,0,0,8,cuda,backward,72,175.49,57.3
transport,si_large,0,0,8,cuda,forward,72,77.12,25.2
transport,si_large,0,0,8,cuda,group_and_join,96,1.38,0.6
transport,si_large,0,0,8,cuda,h2d,72,2.71,0.9
transport,si_large,0,0,8,cuda,loader,72,38.58,12.6
transport,si_large,0,0,8,cuda,loss,72,1.43,0.5
transport,si_large,0,0,8,cuda,optimizer,72,1.77,0.6
transport,si_large,0,0,8,cuda,serialize,96,1.92,0.8
transport,si_large,0,0,8,cuda,step,72,267.75,87.4
transport,si_large,0,0,8,cuda,transforms,96,29.1,12.7
transport,si_large,0,0,8,cuda,unpack,72,6.39,2.1
everything,qm9,0,0,8,cuda,backward,60,14.46,32.8
everything,qm9,0,0,8,cuda,forward,60,9.41,21.3
everything,qm9,0,0,8,cuda,group_and_join,78,1.51,4.4
everything,qm9,0,0,8,cuda,h2d,60,2.06,4.7
everything,qm9,0,0,8,cuda,loader,60,10.57,24.0
everything,qm9,0,0,8,cuda,loss,60,1.85,4.2
everything,qm9,0,0,8,cuda,optimizer,60,2.13,4.8
everything,qm9,0,0,8,cuda,serialize,78,0.45,1.3
everything,qm9,0,0,8,cuda,step,60,33.52,76.0
everything,qm9,0,0,8,cuda,transforms,78,6.92,20.4
everything,qm9,0,0,8,cuda,transforms/add_neighbor_lists,78,2.55,7.5
everything,qm9,0,0,8,cuda,transforms/apply_random_augmentations,60,2.88,6.5
everything,qm9,0,0,8,cuda,transforms/densify_atomic_basis_targets,78,0.01,0.0
everything,qm9,0,0,8,cuda,transforms/divide_by_scale,78,0.62,1.8
everything,qm9,0,0,8,cuda,transforms/subtract_additive,78,1.47,4.3
everything,qm9,0,0,8,cuda,unpack,60,1.2,2.7
everything,qm9,0,0,8,cuda,backward,60,13.61,32.0
everything,qm9,0,0,8,cuda,forward,60,9.66,22.7
everything,qm9,0,0,8,cuda,group_and_join,78,1.82,5.6
everything,qm9,0,0,8,cuda,h2d,60,2.07,4.9
everything,qm9,0,0,8,cuda,loader,60,10.76,25.3
everything,qm9,0,0,8,cuda,loss,60,1.42,3.3
everything,qm9,0,0,8,cuda,optimizer,60,1.58,3.7
everything,qm9,0,0,8,cuda,serialize,78,0.42,1.3
everything,qm9,0,0,8,cuda,step,60,31.8,74.7
everything,qm9,0,0,8,cuda,transforms,78,6.78,20.7
everything,qm9,0,0,8,cuda,transforms/add_neighbor_lists,78,2.52,7.7
everything,qm9,0,0,8,cuda,transforms/apply_random_augmentations,60,2.76,6.5
everything,qm9,0,0,8,cuda,transforms/densify_atomic_basis_targets,78,0.01,0.0
everything,qm9,0,0,8,cuda,transforms/divide_by_scale,78,0.61,1.9
everything,qm9,0,0,8,cuda,transforms/subtract_additive,78,1.46,4.5
everything,qm9,0,0,8,cuda,unpack,60,1.18,2.8
everything,qm9,0,0,8,cuda,backward,60,13.14,30.6
everything,qm9,0,0,8,cuda,forward,60,9.74,22.7
everything,qm9,0,0,8,cuda,group_and_join,78,1.51,4.6
everything,qm9,0,0,8,cuda,h2d,60,2.07,4.8
everything,qm9,0,0,8,cuda,loader,60,10.27,23.9
everything,qm9,0,0,8,cuda,loss,60,1.89,4.4
everything,qm9,0,0,8,cuda,optimizer,60,2.23,5.2
everything,qm9,0,0,8,cuda,serialize,78,0.47,1.4
everything,qm9,0,0,8,cuda,step,60,32.62,76.1
everything,qm9,0,0,8,cuda,transforms,78,6.7,20.3
everything,qm9,0,0,8,cuda,transforms/add_neighbor_lists,78,2.51,7.6
everything,qm9,0,0,8,cuda,transforms/apply_random_augmentations,60,2.71,6.3
everything,qm9,0,0,8,cuda,transforms/densify_atomic_basis_targets,78,0.01,0.0
everything,qm9,0,0,8,cuda,transforms/divide_by_scale,78,0.6,1.8
everything,qm9,0,0,8,cuda,transforms/subtract_additive,78,1.44,4.4
everything,qm9,0,0,8,cuda,unpack,60,1.18,2.8
everything,carbon,0,0,8,cuda,backward,60,12.54,29.8
everything,carbon,0,0,8,cuda,forward,60,9.39,22.3
everything,carbon,0,0,8,cuda,group_and_join,78,1.53,4.7
everything,carbon,0,0,8,cuda,h2d,60,2.01,4.8
everything,carbon,0,0,8,cuda,loader,60,10.49,24.9
everything,carbon,0,0,8,cuda,loss,60,1.91,4.5
everything,carbon,0,0,8,cuda,optimizer,60,2.13,5.1
everything,carbon,0,0,8,cuda,serialize,78,0.48,1.5
everything,carbon,0,0,8,cuda,step,60,31.58,75.1
everything,carbon,0,0,8,cuda,transforms,78,6.78,21.0
everything,carbon,0,0,8,cuda,transforms/add_neighbor_lists,78,2.61,8.1
everything,carbon,0,0,8,cuda,transforms/apply_random_augmentations,60,2.73,6.5
everything,carbon,0,0,8,cuda,transforms/densify_atomic_basis_targets,78,0.01,0.0
everything,carbon,0,0,8,cuda,transforms/divide_by_scale,78,0.61,1.9
everything,carbon,0,0,8,cuda,transforms/subtract_additive,78,1.4,4.3
everything,carbon,0,0,8,cuda,unpack,60,1.22,2.9
everything,carbon,0,0,8,cuda,backward,60,12.01,29.0
everything,carbon,0,0,8,cuda,forward,60,9.46,22.9
everything,carbon,0,0,8,cuda,group_and_join,78,1.5,4.7
everything,carbon,0,0,8,cuda,h2d,60,1.98,4.8
everything,carbon,0,0,8,cuda,loader,60,10.37,25.1
everything,carbon,0,0,8,cuda,loss,60,1.94,4.7
everything,carbon,0,0,8,cuda,optimizer,60,2.11,5.1
everything,carbon,0,0,8,cuda,serialize,78,0.41,1.3
everything,carbon,0,0,8,cuda,step,60,31.03,74.9
everything,carbon,0,0,8,cuda,transforms,78,6.78,21.3
everything,carbon,0,0,8,cuda,transforms/add_neighbor_lists,78,2.6,8.2
everything,carbon,0,0,8,cuda,transforms/apply_random_augmentations,60,2.7,6.5
everything,carbon,0,0,8,cuda,transforms/densify_atomic_basis_targets,78,0.01,0.0
everything,carbon,0,0,8,cuda,transforms/divide_by_scale,78,0.61,1.9
everything,carbon,0,0,8,cuda,transforms/subtract_additive,78,1.42,4.5
everything,carbon,0,0,8,cuda,unpack,60,1.23,3.0
everything,carbon,0,0,8,cuda,backward,60,14.56,33.7
everything,carbon,0,0,8,cuda,forward,60,9.14,21.1
everything,carbon,0,0,8,cuda,group_and_join,78,1.77,5.3
everything,carbon,0,0,8,cuda,h2d,60,2.0,4.6
everything,carbon,0,0,8,cuda,loader,60,10.93,25.3
everything,carbon,0,0,8,cuda,loss,60,1.36,3.1
everything,carbon,0,0,8,cuda,optimizer,60,1.6,3.7
everything,carbon,0,0,8,cuda,serialize,78,0.41,1.2
everything,carbon,0,0,8,cuda,step,60,32.32,74.7
everything,carbon,0,0,8,cuda,transforms,78,6.91,20.8
everything,carbon,0,0,8,cuda,transforms/add_neighbor_lists,78,2.67,8.0
everything,carbon,0,0,8,cuda,transforms/apply_random_augmentations,60,2.8,6.5
everything,carbon,0,0,8,cuda,transforms/densify_atomic_basis_targets,78,0.01,0.0
everything,carbon,0,0,8,cuda,transforms/divide_by_scale,78,0.61,1.8
everything,carbon,0,0,8,cuda,transforms/subtract_additive,78,1.41,4.3
everything,carbon,0,0,8,cuda,unpack,60,1.25,2.9
everything,si216,0,0,8,cuda,backward,36,41.37,44.3
everything,si216,0,0,8,cuda,forward,36,22.03,23.6
everything,si216,0,0,8,cuda,group_and_join,48,2.15,3.1
everything,si216,0,0,8,cuda,h2d,36,2.15,2.3
everything,si216,0,0,8,cuda,loader,36,18.33,19.6
everything,si216,0,0,8,cuda,loss,36,1.58,1.7
everything,si216,0,0,8,cuda,optimizer,36,3.32,3.5
everything,si216,0,0,8,cuda,serialize,48,0.79,1.1
everything,si216,0,0,8,cuda,step,36,75.15,80.4
everything,si216,0,0,8,cuda,transforms,48,12.05,17.2
everything,si216,0,0,8,cuda,transforms/add_neighbor_lists,48,5.8,8.3
everything,si216,0,0,8,cuda,transforms/apply_random_augmentations,36,2.85,3.1
everything,si216,0,0,8,cuda,transforms/densify_atomic_basis_targets,48,0.01,0.0
everything,si216,0,0,8,cuda,transforms/divide_by_scale,48,0.62,0.9
everything,si216,0,0,8,cuda,transforms/subtract_additive,48,3.42,4.9
everything,si216,0,0,8,cuda,unpack,36,2.23,2.4
everything,si216,0,0,8,cuda,backward,36,39.98,43.4
everything,si216,0,0,8,cuda,forward,36,22.18,24.1
everything,si216,0,0,8,cuda,group_and_join,48,2.11,3.1
everything,si216,0,0,8,cuda,h2d,36,2.12,2.3
everything,si216,0,0,8,cuda,loader,36,18.1,19.6
everything,si216,0,0,8,cuda,loss,36,2.22,2.4
everything,si216,0,0,8,cuda,optimizer,36,2.98,3.2
everything,si216,0,0,8,cuda,serialize,48,0.69,1.0
everything,si216,0,0,8,cuda,step,36,74.03,80.4
everything,si216,0,0,8,cuda,transforms,48,11.93,17.3
everything,si216,0,0,8,cuda,transforms/add_neighbor_lists,48,5.81,8.4
everything,si216,0,0,8,cuda,transforms/apply_random_augmentations,36,2.81,3.0
everything,si216,0,0,8,cuda,transforms/densify_atomic_basis_targets,48,0.01,0.0
everything,si216,0,0,8,cuda,transforms/divide_by_scale,48,0.61,0.9
everything,si216,0,0,8,cuda,transforms/subtract_additive,48,3.33,4.8
everything,si216,0,0,8,cuda,unpack,36,2.19,2.4
everything,si216,0,0,8,cuda,backward,36,39.86,43.3
everything,si216,0,0,8,cuda,forward,36,22.4,24.3
everything,si216,0,0,8,cuda,group_and_join,48,2.12,3.1
everything,si216,0,0,8,cuda,h2d,36,2.14,2.3
everything,si216,0,0,8,cuda,loader,36,17.74,19.3
everything,si216,0,0,8,cuda,loss,36,2.28,2.5
everything,si216,0,0,8,cuda,optimizer,36,3.11,3.4
everything,si216,0,0,8,cuda,serialize,48,0.6,0.9
everything,si216,0,0,8,cuda,step,36,74.3,80.7
everything,si216,0,0,8,cuda,transforms,48,11.87,17.2
everything,si216,0,0,8,cuda,transforms/add_neighbor_lists,48,5.79,8.4
everything,si216,0,0,8,cuda,transforms/apply_random_augmentations,36,2.8,3.0
everything,si216,0,0,8,cuda,transforms/densify_atomic_basis_targets,48,0.01,0.0
everything,si216,0,0,8,cuda,transforms/divide_by_scale,48,0.61,0.9
everything,si216,0,0,8,cuda,transforms/subtract_additive,48,3.3,4.8
everything,si216,0,0,8,cuda,unpack,36,2.21,2.4
everything,si_large,0,0,8,cuda,backward,72,175.77,55.8
everything,si_large,0,0,8,cuda,forward,72,77.89,24.7
everything,si_large,0,0,8,cuda,group_and_join,96,1.36,0.6
everything,si_large,0,0,8,cuda,h2d,72,2.48,0.8
everything,si_large,0,0,8,cuda,loader,72,46.71,14.8
everything,si_large,0,0,8,cuda,loss,72,1.44,0.5
everything,si_large,0,0,8,cuda,optimizer,72,1.75,0.6
everything,si_large,0,0,8,cuda,serialize,96,3.54,1.5
everything,si_large,0,0,8,cuda,step,72,268.28,85.2
everything,si_large,0,0,8,cuda,transforms,96,32.35,13.7
everything,si_large,0,0,8,cuda,transforms/add_neighbor_lists,96,19.08,8.1
everything,si_large,0,0,8,cuda,transforms/apply_random_augmentations,72,2.91,0.9
everything,si_large,0,0,8,cuda,transforms/densify_atomic_basis_targets,96,0.01,0.0
everything,si_large,0,0,8,cuda,transforms/divide_by_scale,96,0.61,0.3
everything,si_large,0,0,8,cuda,transforms/subtract_additive,96,10.41,4.4
everything,si_large,0,0,8,cuda,unpack,72,6.41,2.0
everything,si_large,0,0,8,cuda,backward,72,175.72,55.3
everything,si_large,0,0,8,cuda,forward,72,78.02,24.6
everything,si_large,0,0,8,cuda,group_and_join,96,1.36,0.6
everything,si_large,0,0,8,cuda,h2d,72,2.46,0.8
everything,si_large,0,0,8,cuda,loader,72,47.56,15.0
everything,si_large,0,0,8,cuda,loss,72,1.41,0.4
everything,si_large,0,0,8,cuda,optimizer,72,1.65,0.5
everything,si_large,0,0,8,cuda,serialize,96,3.12,1.3
everything,si_large,0,0,8,cuda,step,72,270.04,85.0
everything,si_large,0,0,8,cuda,transforms,96,33.26,14.0
everything,si_large,0,0,8,cuda,transforms/add_neighbor_lists,96,20.1,8.4
everything,si_large,0,0,8,cuda,transforms/apply_random_augmentations,72,2.96,0.9
everything,si_large,0,0,8,cuda,transforms/densify_atomic_basis_targets,96,0.01,0.0
everything,si_large,0,0,8,cuda,transforms/divide_by_scale,96,0.6,0.3
everything,si_large,0,0,8,cuda,transforms/subtract_additive,96,10.28,4.3
everything,si_large,0,0,8,cuda,unpack,72,8.32,2.6
everything,si_large,0,0,8,cuda,backward,72,175.6,55.7
everything,si_large,0,0,8,cuda,forward,72,76.98,24.4
everything,si_large,0,0,8,cuda,group_and_join,96,1.36,0.6
everything,si_large,0,0,8,cuda,h2d,72,2.48,0.8
everything,si_large,0,0,8,cuda,loader,72,47.06,14.9
everything,si_large,0,0,8,cuda,loss,72,1.44,0.5
everything,si_large,0,0,8,cuda,optimizer,72,1.74,0.6
everything,si_large,0,0,8,cuda,serialize,96,3.3,1.4
everything,si_large,0,0,8,cuda,step,72,268.46,85.1
everything,si_large,0,0,8,cuda,transforms,96,32.62,13.8
everything,si_large,0,0,8,cuda,transforms/add_neighbor_lists,96,19.34,8.2
everything,si_large,0,0,8,cuda,transforms/apply_random_augmentations,72,2.91,0.9
everything,si_large,0,0,8,cuda,transforms/densify_atomic_basis_targets,96,0.01,0.0
everything,si_large,0,0,8,cuda,transforms/divide_by_scale,96,0.61,0.3
everything,si_large,0,0,8,cuda,transforms/subtract_additive,96,10.42,4.4
everything,si_large,0,0,8,cuda,unpack,72,7.68,2.4
